Name,Price,Năm SX,Kiểu dáng,Tình trạng,Xuất xứ,Km đã đi,Tỉnh thành,Quận huyện,Hộp số,Nhiên liệu,Số tiền vay,Thời gian vay,Lãi xuất (%),Loại hình,Giá trị xe muốn mua
Mercedes-Benz AMG G63 4.0 v8 2021,9 tỉ 200 triệu,2021,SUV,Xe cũ,Nhập khẩu,30.000 km,Hà Nội,Tây Hồ,Số tự động,Máy xăng,VNĐ,ThángNăm,ThángNăm,"Trả góp đều hàng thángTrả góp đều, lãi tính trên dư nợ giảm dần hàng tháng",VNĐ
Mercedes-Benz AMG G63 2021,10 tỉ 499 triệu,2021,,Xe cũ,Nhập khẩu,399 km,Tp.HCM,Quận 7,Số tự động,Máy xăng,VNĐ,ThángNăm,ThángNăm,"Trả góp đều hàng thángTrả góp đều, lãi tính trên dư nợ giảm dần hàng tháng",VNĐ
Mercedes-Benz E200 Exclusive 2019,1 tỉ 049 triệu,2019,Sedan,Xe cũ,Nhập khẩu,64.000 km,Tp.HCM,Quận 7,Số tự động,Máy xăng,VNĐ,ThángNăm,ThángNăm,"Trả góp đều hàng thángTrả góp đều, lãi tính trên dư nợ giảm dần hàng tháng",VNĐ
Porsche Cayman S Coupe 2024,4 tỉ 788 triệu,2024,,Xe cũ,Nhập khẩu,12.000 km,Tp.HCM,Quận 7,Số tự động,Máy xăng,VNĐ,ThángNăm,ThángNăm,"Trả góp đều hàng thángTrả góp đều, lãi tính trên dư nợ giảm dần hàng tháng",VNĐ
Mazda CX-5 2.0 Luxury 2024,770 triệu,2024,SUV,Xe cũ,Trong nước,20.000 km,Hà Nội,Cầu Giấy,Số tự động,Máy xăng,VNĐ,ThángNăm,ThángNăm,"Trả góp đều hàng thángTrả góp đều, lãi tính trên dư nợ giảm dần hàng tháng",VNĐ
Lexus RX 350 2021,3 tỉ 180 triệu,2021,SUV,Xe cũ,Nhập khẩu,61.000 km,Hà Nội,Cầu Giấy,Số tự động,Máy xăng,VNĐ,ThángNăm,ThángNăm,"Trả góp đều hàng thángTrả góp đều, lãi tính trên dư nợ giảm dần hàng tháng",VNĐ
Toyota Corolla Altis 1.8G CVT 2015,445 triệu,2015,Sedan,Xe cũ,Trong nước,100.000 km,Hà Nội,Cầu Giấy,Số tự động,Máy xăng,VNĐ,ThángNăm,ThángNăm,"Trả góp đều hàng thángTrả góp đều, lãi tính trên dư nợ giảm dần hàng tháng",VNĐ
Mazda CX-5 2.0 Luxury 2023,729 triệu,2023,SUV,Xe cũ,Trong nước,38.000 km,Hà Nội,Cầu Giấy,Số tự động,Máy xăng,VNĐ,ThángNăm,ThángNăm,"Trả góp đều hàng thángTrả góp đều, lãi tính trên dư nợ giảm dần hàng tháng",VNĐ
Hyundai Tucson 2.0 Đặc biệt 2022,795 triệu,2022,SUV,Xe cũ,Trong nước,44.000 km,Hà Nội,Cầu Giấy,Số tự động,Máy xăng,VNĐ,ThángNăm,ThángNăm,"Trả góp đều hàng thángTrả góp đều, lãi tính trên dư nợ giảm dần hàng tháng",VNĐ
Kia Sedona 2.2 DATH 2018,690 triệu,2018,MPV,Xe cũ,Trong nước,81.000 km,Hà Nội,Cầu Giấy,Số tự động,Máy dầu,VNĐ,ThángNăm,ThángNăm,"Trả góp đều hàng thángTrả góp đều, lãi tính trên dư nợ giảm dần hàng tháng",VNĐ
Kia K3 1.6AT 2022,555 triệu,2022,,Xe cũ,Trong nước,45.000 km,Hà Nội,Cầu Giấy,Số tự động,Máy xăng,VNĐ,ThángNăm,ThángNăm,"Trả góp đều hàng thángTrả góp đều, lãi tính trên dư nợ giảm dần hàng tháng",VNĐ
Audi Q5 2.0 TFSI Quattro 2017,995 triệu,2017,SUV,Xe cũ,Nhập khẩu,140.000 km,Hà Nội,Cầu Giấy,Số tự động,Máy xăng,VNĐ,ThángNăm,ThángNăm,"Trả góp đều hàng thángTrả góp đều, lãi tính trên dư nợ giảm dần hàng tháng",VNĐ
Ford Ranger XLS 2.2L 4x2 MT 2019,430 triệu,2019,Bán tải,Xe cũ,Nhập khẩu,90.000 km,Hà Nội,Cầu Giấy,Số sàn,Máy dầu,VNĐ,ThángNăm,ThángNăm,"Trả góp đều hàng thángTrả góp đều, lãi tính trên dư nợ giảm dần hàng tháng",VNĐ
Ford Territory 1.5L Ecoboost Titanium 2024,860 triệu,2024,SUV,Xe cũ,Trong nước,10.000 km,Hà Nội,Cầu Giấy,Số tự động,Máy xăng,VNĐ,ThángNăm,ThángNăm,"Trả góp đều hàng thángTrả góp đều, lãi tính trên dư nợ giảm dần hàng tháng",VNĐ
Ford EcoSport 2016,310 triệu,2016,,Xe cũ,Nhập khẩu,80.000 km,Hà Nội,Cầu Giấy,Số tự động,Máy xăng,VNĐ,ThángNăm,ThángNăm,"Trả góp đều hàng thángTrả góp đều, lãi tính trên dư nợ giảm dần hàng tháng",VNĐ
Toyota Land Cruiser VX 4.6 V8 2014,1 tỉ 889 triệu,2014,,Xe cũ,Nhập khẩu,160.000 km,Hà Nội,Cầu Giấy,Số tự động,Máy xăng,VNĐ,ThángNăm,ThángNăm,"Trả góp đều hàng thángTrả góp đều, lãi tính trên dư nợ giảm dần hàng tháng",VNĐ
Hyundai Starex 2007,175 triệu,2007,MPV,Xe cũ,Trong nước,160.000 km,Hà Nội,Hà Đông,Số tự động,Máy dầu,VNĐ,ThángNăm,ThángNăm,"Trả góp đều hàng thángTrả góp đều, lãi tính trên dư nợ giảm dần hàng tháng",VNĐ
Honda HR-V L 2019,550 triệu,2019,Crossover,Xe cũ,Nhập khẩu,87.000 km,Vĩnh Phúc,Phúc Yên,Số tự động,Máy xăng,VNĐ,ThángNăm,ThángNăm,"Trả góp đều hàng thángTrả góp đều, lãi tính trên dư nợ giảm dần hàng tháng",VNĐ
Mercedes-Benz GLC 200 4Matic 2022,1 tỉ 459 triệu,2022,SUV,Xe cũ,Trong nước,58.000 km,Tp.HCM,Quận 7,Số tự động,Máy xăng,VNĐ,ThángNăm,ThángNăm,"Trả góp đều hàng thángTrả góp đều, lãi tính trên dư nợ giảm dần hàng tháng",VNĐ
BMW 430i Convertible 2023,2 tỉ 999 triệu,2023,Convertible,Xe cũ,Nhập khẩu,4.000 km,Tp.HCM,Quận 7,Số tự động,Máy xăng,VNĐ,ThángNăm,ThángNăm,"Trả góp đều hàng thángTrả góp đều, lãi tính trên dư nợ giảm dần hàng tháng",VNĐ
Toyota Fortuner 2018,785 triệu,2018,SUV,Xe cũ,Trong nước,70.000 km,Tp.HCM,Thủ Đức,Số tự động,Máy xăng,VNĐ,ThángNăm,ThángNăm,"Trả góp đều hàng thángTrả góp đều, lãi tính trên dư nợ giảm dần hàng tháng",VNĐ
Dongben X30 2017,115 triệu,2017,Van/Minivan,Xe cũ,Trong nước,12.000 km,Hà Nội,Đông Anh,Số sàn,Máy xăng,VNĐ,ThángNăm,ThángNăm,"Trả góp đều hàng thángTrả góp đều, lãi tính trên dư nợ giảm dần hàng tháng",VNĐ
Mercedes-Benz E200 Exclusive 2020,1 tỉ 059 triệu,2020,Sedan,Xe cũ,Trong nước,50.000 km,Tp.HCM,Quận 7,Số tự động,Máy xăng,VNĐ,ThángNăm,ThángNăm,"Trả góp đều hàng thángTrả góp đều, lãi tính trên dư nợ giảm dần hàng tháng",VNĐ
Honda Civic 1.5 Turbo RS 2023,765 triệu,2023,Sedan,Xe cũ,Nhập khẩu,25.000 km,Tp.HCM,Quận 10,Số tự động,Máy xăng,VNĐ,ThángNăm,ThángNăm,"Trả góp đều hàng thángTrả góp đều, lãi tính trên dư nợ giảm dần hàng tháng",VNĐ
Mazda CX-5 2.0 Luxury 2021,710 triệu,2021,SUV,Xe cũ,Trong nước,,Vĩnh Phúc,Phúc Yên,Số tự động,Máy xăng,VNĐ,ThángNăm,ThángNăm,"Trả góp đều hàng thángTrả góp đều, lãi tính trên dư nợ giảm dần hàng tháng",VNĐ
Hyundai Porter II 2015,365 triệu,2015,Xe tải,Xe cũ,Nhập khẩu,10.000 km,Hà Nội,Đông Anh,Số sàn,Máy dầu,VNĐ,ThángNăm,ThángNăm,"Trả góp đều hàng thángTrả góp đều, lãi tính trên dư nợ giảm dần hàng tháng",VNĐ
Hyundai Starex 2.5 MT 2009,225 triệu,2009,Van/Minivan,Xe cũ,Nhập khẩu,140.000 km,Hà Nội,Hà Đông,Số sàn,Máy dầu,VNĐ,ThángNăm,ThángNăm,"Trả góp đều hàng thángTrả góp đều, lãi tính trên dư nợ giảm dần hàng tháng",VNĐ
Peugeot 3008 Allure 2021,735 triệu,2021,SUV,Xe cũ,Nhập khẩu,40.000 km,Tp.HCM,Thủ Đức,Số tự động,Máy xăng,VNĐ,ThángNăm,ThángNăm,"Trả góp đều hàng thángTrả góp đều, lãi tính trên dư nợ giảm dần hàng tháng",VNĐ
Lexus LX 570 2021,8 tỉ 340 triệu,2021,,Xe cũ,Nhập khẩu,10.000 km,Hà Nội,Nam Từ Liêm,Số tự động,Máy xăng,VNĐ,ThángNăm,ThángNăm,"Trả góp đều hàng thángTrả góp đều, lãi tính trên dư nợ giảm dần hàng tháng",VNĐ
Mercedes-Benz V250 Luxury 2019,1 tỉ 558 triệu,2019,MPV,Xe cũ,Nhập khẩu,42.000 km,Tp.HCM,Bình Tân,Số tự động,Máy xăng,VNĐ,ThángNăm,ThángNăm,"Trả góp đều hàng thángTrả góp đều, lãi tính trên dư nợ giảm dần hàng tháng",VNĐ
Mercedes-Benz GLC 300 4Matic V1 2022,1 tỉ 938 triệu,2022,SUV,Xe cũ,Trong nước,8.600 km,Tp.HCM,Bình Tân,Số tự động,Máy xăng,VNĐ,ThángNăm,ThángNăm,"Trả góp đều hàng thángTrả góp đều, lãi tính trên dư nợ giảm dần hàng tháng",VNĐ
Mercedes-Benz S450L Luxury 2020,2 tỉ 798 triệu,2020,Sedan,Xe cũ,Trong nước,28.000 km,Tp.HCM,Bình Tân,Số tự động,Máy xăng,VNĐ,ThángNăm,ThángNăm,"Trả góp đều hàng thángTrả góp đều, lãi tính trên dư nợ giảm dần hàng tháng",VNĐ
Mercedes-Benz E200 Exclusive 2020,1 tỉ 059 triệu,2020,Sedan,Xe cũ,Trong nước,50.000 km,Tp.HCM,Quận 7,Số tự động,Máy xăng,VNĐ,ThángNăm,ThángNăm,"Trả góp đều hàng thángTrả góp đều, lãi tính trên dư nợ giảm dần hàng tháng",VNĐ
Ford Territory Titanium X 2023,770 triệu,2023,SUV,Xe cũ,Nhập khẩu,27.000 km,Tp.HCM,Quận 10,Số tự động,Máy xăng,VNĐ,ThángNăm,ThángNăm,"Trả góp đều hàng thángTrả góp đều, lãi tính trên dư nợ giảm dần hàng tháng",VNĐ
Porsche Cayenne  2014,1 tỉ 239 triệu,2014,SUV,Xe cũ,Nhập khẩu,93.000 km,Tp.HCM,Quận 7,Số tự động,Máy xăng,VNĐ,ThángNăm,ThángNăm,"Trả góp đều hàng thángTrả góp đều, lãi tính trên dư nợ giảm dần hàng tháng",VNĐ
MG ZS STD+ 2023,390 triệu,2023,Crossover,Xe cũ,Nhập khẩu,43.000 km,Tp.HCM,Bình Tân,Số tự động,Máy xăng,VNĐ,ThángNăm,ThángNăm,"Trả góp đều hàng thángTrả góp đều, lãi tính trên dư nợ giảm dần hàng tháng",VNĐ
MG 5 1.5L MT 2023,299 triệu,2023,Sedan,Xe cũ,Trong nước,40.000 km,Tp.HCM,Bình Tân,Số sàn,Máy xăng,VNĐ,ThángNăm,ThángNăm,"Trả góp đều hàng thángTrả góp đều, lãi tính trên dư nợ giảm dần hàng tháng",VNĐ
Mercedes-Benz E300 AMG 2021,1 tỉ 858 triệu,2021,,Xe cũ,Trong nước,21.000 km,Tp.HCM,Quận 7,Số tự động,Máy xăng,VNĐ,ThángNăm,ThángNăm,"Trả góp đều hàng thángTrả góp đều, lãi tính trên dư nợ giảm dần hàng tháng",VNĐ
Mazda CX-8 Luxury 2020,799 triệu,2020,SUV,Xe cũ,Trong nước,15.000 km,Tp.HCM,Thủ Đức,Số tự động,Máy xăng,VNĐ,ThángNăm,ThángNăm,"Trả góp đều hàng thángTrả góp đều, lãi tính trên dư nợ giảm dần hàng tháng",VNĐ
Mitsubishi Attrage 1.2L MT 2023,305 triệu,2023,Sedan,Xe cũ,Trong nước,83.000 km,Vĩnh Phúc,Phúc Yên,Số sàn,Máy xăng,VNĐ,ThángNăm,ThángNăm,"Trả góp đều hàng thángTrả góp đều, lãi tính trên dư nợ giảm dần hàng tháng",VNĐ
Hyundai Accent 1.4 AT 2022,425 triệu,2022,Sedan,Xe cũ,Trong nước,92.000 km,Vĩnh Phúc,Phúc Yên,Số tự động,Máy xăng,VNĐ,ThángNăm,ThángNăm,"Trả góp đều hàng thángTrả góp đều, lãi tính trên dư nợ giảm dần hàng tháng",VNĐ
Lexus LX 600 Ultra Luxury 2025,8 tỉ 500 triệu,2025,,Xe cũ,Nhập khẩu,8.000 km,Hà Nội,Nam Từ Liêm,Số tự động,Máy xăng,VNĐ,ThángNăm,ThángNăm,"Trả góp đều hàng thángTrả góp đều, lãi tính trên dư nợ giảm dần hàng tháng",VNĐ
Hyundai Starex 2.4 MT 2014,425 triệu,2014,Van/Minivan,Xe cũ,Nhập khẩu,140.000 km,Hà Nội,Hà Đông,Số sàn,Máy xăng,VNĐ,ThángNăm,ThángNăm,"Trả góp đều hàng thángTrả góp đều, lãi tính trên dư nợ giảm dần hàng tháng",VNĐ
Hyundai Stargazer 1.5 AT Cao cấp 2022,510 triệu,2022,MPV,Xe cũ,Trong nước,70.000 km,Vĩnh Phúc,Phúc Yên,Số tự động,Máy xăng,VNĐ,ThángNăm,ThángNăm,"Trả góp đều hàng thángTrả góp đều, lãi tính trên dư nợ giảm dần hàng tháng",VNĐ
Lexus LX 570 2021,8 tỉ 340 triệu,2021,,Xe cũ,Nhập khẩu,10.000 km,Hà Nội,Nam Từ Liêm,Số tự động,Máy xăng,VNĐ,ThángNăm,ThángNăm,"Trả góp đều hàng thángTrả góp đều, lãi tính trên dư nợ giảm dần hàng tháng",VNĐ
Audi Q2 2018,878 triệu,2018,SUV,Xe cũ,Nhập khẩu,66.000 km,Tp.HCM,Quận 7,Số tự động,Máy xăng,VNĐ,ThángNăm,ThángNăm,"Trả góp đều hàng thángTrả góp đều, lãi tính trên dư nợ giảm dần hàng tháng",VNĐ
Toyota Rush 1.5 AT 2021,525 triệu,2021,SUV,Xe cũ,Nhập khẩu,69.000 km,Vĩnh Phúc,Phúc Yên,Số tự động,Máy xăng,VNĐ,ThángNăm,ThángNăm,"Trả góp đều hàng thángTrả góp đều, lãi tính trên dư nợ giảm dần hàng tháng",VNĐ
Lexus LX 600 Ultra Luxury 2025,8 tỉ 500 triệu,2025,,Xe cũ,Nhập khẩu,8.000 km,Hà Nội,Nam Từ Liêm,Số tự động,Máy xăng,VNĐ,ThángNăm,ThángNăm,"Trả góp đều hàng thángTrả góp đều, lãi tính trên dư nợ giảm dần hàng tháng",VNĐ
Hyundai Starex 2.5 MT 2008,295 triệu,2008,Van/Minivan,Xe cũ,Nhập khẩu,160.000 km,Hà Nội,Hà Đông,Số sàn,Máy dầu,VNĐ,ThángNăm,ThángNăm,"Trả góp đều hàng thángTrả góp đều, lãi tính trên dư nợ giảm dần hàng tháng",VNĐ
Mercedes-Benz GLC 200 4Matic 2021,1 tỉ 558 triệu,2021,,Xe cũ,Trong nước,26.000 km,Tp.HCM,Quận 7,Số tự động,Máy xăng,VNĐ,ThángNăm,ThángNăm,"Trả góp đều hàng thángTrả góp đều, lãi tính trên dư nợ giảm dần hàng tháng",VNĐ
Toyota Fortuner 2.7 V 4X2 AT 2017,685 triệu,2017,SUV,Xe cũ,Nhập khẩu,60.000 km,Tp.HCM,Thủ Đức,Số tự động,Máy xăng,VNĐ,ThángNăm,ThángNăm,"Trả góp đều hàng thángTrả góp đều, lãi tính trên dư nợ giảm dần hàng tháng",VNĐ
Kia Carnival 2.2D Signature 2024,1 tỉ 599 triệu,2024,MPV,Xe cũ,Trong nước,6.000 km,Tp.HCM,Thủ Đức,Số tự động,Máy dầu,VNĐ,ThángNăm,ThángNăm,"Trả góp đều hàng thángTrả góp đều, lãi tính trên dư nợ giảm dần hàng tháng",VNĐ
MG ZS 1.5L LUX+ 2025,500 triệu,2025,Crossover,Xe cũ,Nhập khẩu,2.000 km,Tp.HCM,Bình Tân,Số tự động,Máy xăng,VNĐ,ThángNăm,ThángNăm,"Trả góp đều hàng thángTrả góp đều, lãi tính trên dư nợ giảm dần hàng tháng",VNĐ
Toyota Fortuner 2.7 V 4X2 AT 2017,685 triệu,2017,SUV,Xe cũ,Nhập khẩu,100.000 km,Tp.HCM,Thủ Đức,Số tự động,Máy xăng,VNĐ,ThángNăm,ThángNăm,"Trả góp đều hàng thángTrả góp đều, lãi tính trên dư nợ giảm dần hàng tháng",VNĐ
Lexus LX 570 2021,8 tỉ 340 triệu,2021,,Xe cũ,Nhập khẩu,10.000 km,Hà Nội,Nam Từ Liêm,Số tự động,Máy xăng,VNĐ,ThángNăm,ThángNăm,"Trả góp đều hàng thángTrả góp đều, lãi tính trên dư nợ giảm dần hàng tháng",VNĐ
Kia Morning AT 2010,95 triệu,2010,Hatchback,Xe cũ,Trong nước,120.000 km,Hà Nội,Hà Đông,Số tự động,Máy xăng,VNĐ,ThángNăm,ThángNăm,"Trả góp đều hàng thángTrả góp đều, lãi tính trên dư nợ giảm dần hàng tháng",VNĐ
Hyundai Grand Starex 2.4 MT 2008,250 triệu,2008,Van/Minivan,Xe cũ,Nhập khẩu,12.000 km,Hà Nội,Đông Anh,Số sàn,Máy dầu,VNĐ,ThángNăm,ThángNăm,"Trả góp đều hàng thángTrả góp đều, lãi tính trên dư nợ giảm dần hàng tháng",VNĐ
Honda Civic 1.5 Turbo RS 2019,590 triệu,2019,Sedan,Xe cũ,Nhập khẩu,38.000 km,Tp.HCM,Quận 10,Số tự động,Máy xăng,VNĐ,ThángNăm,ThángNăm,"Trả góp đều hàng thángTrả góp đều, lãi tính trên dư nợ giảm dần hàng tháng",VNĐ
Porsche Cayenne V6 3.0 2021,3 tỉ 899 triệu,2021,SUV,Xe cũ,Nhập khẩu,63.000 km,Hà Nội,Long Biên,Số tự động,Máy xăng,VNĐ,ThángNăm,ThángNăm,"Trả góp đều hàng thángTrả góp đều, lãi tính trên dư nợ giảm dần hàng tháng",VNĐ
Toyota Hiace 2.8 MT 2009,265 triệu,2009,Van/Minivan,Xe cũ,Trong nước,140.000 km,Hà Nội,Hà Đông,Số sàn,Máy dầu,VNĐ,ThángNăm,ThángNăm,"Trả góp đều hàng thángTrả góp đều, lãi tính trên dư nợ giảm dần hàng tháng",VNĐ
Mercedes-Benz GLC 300 4Matic 2019,1 tỉ 099 triệu,2019,SUV,Xe cũ,Trong nước,83.000 km,Tp.HCM,Quận 7,Số tự động,Máy xăng,VNĐ,ThángNăm,ThángNăm,"Trả góp đều hàng thángTrả góp đều, lãi tính trên dư nợ giảm dần hàng tháng",VNĐ
Toyota Fortuner 2.4G 4x2 AT  2022,945 triệu,2022,SUV,Xe cũ,Trong nước,30.000 km,Tp.HCM,Thủ Đức,Số tự động,Máy dầu,VNĐ,ThángNăm,ThángNăm,"Trả góp đều hàng thángTrả góp đều, lãi tính trên dư nợ giảm dần hàng tháng",VNĐ
Mini John Cooper Works Convertible 2021,2 tỉ 099 triệu,2021,Sedan,Xe cũ,Nhập khẩu,13.333 km,Tp.HCM,Quận 7,Số tự động,Máy xăng,VNĐ,ThángNăm,ThángNăm,"Trả góp đều hàng thángTrả góp đều, lãi tính trên dư nợ giảm dần hàng tháng",VNĐ
Ford Escape 2012,270 triệu,2012,SUV,Xe cũ,Trong nước,120.000 km,Hà Nội,,Số tự động,Máy xăng,VNĐ,ThángNăm,ThángNăm,"Trả góp đều hàng thángTrả góp đều, lãi tính trên dư nợ giảm dần hàng tháng",VNĐ
Toyota Veloz Cross 1.5 CVT TOP 2023,620 triệu,2023,SUV,Xe cũ,Trong nước,20.000 km,Hà Nội,Nam Từ Liêm,Số tự động,Máy xăng,VNĐ,ThángNăm,ThángNăm,"Trả góp đều hàng thángTrả góp đều, lãi tính trên dư nợ giảm dần hàng tháng",VNĐ
BMW X5 xDrive40i 2019,2 tỉ 199 triệu,2019,SUV,Xe cũ,Nhập khẩu,65.000 km,Tp.HCM,Quận 7,Số tự động,Máy xăng,VNĐ,ThángNăm,ThángNăm,"Trả góp đều hàng thángTrả góp đều, lãi tính trên dư nợ giảm dần hàng tháng",VNĐ
Honda Civic 1.8 E 2018,485 triệu,2018,Sedan,Xe cũ,Trong nước,110.000 km,Bình Dương,Thuận An,Số tự động,Máy xăng,VNĐ,ThángNăm,ThángNăm,"Trả góp đều hàng thángTrả góp đều, lãi tính trên dư nợ giảm dần hàng tháng",VNĐ
Kia Soluto AT Luxury 2022,405 triệu,2022,Sedan,Xe cũ,Trong nước,30.000 km,Bình Dương,Thuận An,Số tự động,Máy xăng,VNĐ,ThángNăm,ThángNăm,"Trả góp đều hàng thángTrả góp đều, lãi tính trên dư nợ giảm dần hàng tháng",VNĐ
Ford Fiesta Sport 1.5L AT 2014,265 triệu,2014,Hatchback,Xe cũ,Nhập khẩu,110.000 km,Bình Dương,Thuận An,Số tự động,Máy xăng,VNĐ,ThángNăm,ThángNăm,"Trả góp đều hàng thángTrả góp đều, lãi tính trên dư nợ giảm dần hàng tháng",VNĐ
Toyota Fortuner 2.7V TRD 4x2 2016,500 triệu,2016,SUV,Xe cũ,Trong nước,100.000 km,Bình Dương,Thuận An,Số tự động,Máy xăng,VNĐ,ThángNăm,ThángNăm,"Trả góp đều hàng thángTrả góp đều, lãi tính trên dư nợ giảm dần hàng tháng",VNĐ
Kia Sonet 1.5 Premium 2022,550 triệu,2022,Crossover,Xe cũ,Trong nước,86.000 km,Bình Dương,Thuận An,Số tự động,Máy xăng,VNĐ,ThángNăm,ThángNăm,"Trả góp đều hàng thángTrả góp đều, lãi tính trên dư nợ giảm dần hàng tháng",VNĐ
VinFast Fadil Nâng Cao 2019,310 triệu,2019,Hatchback,Xe cũ,Trong nước,40.000 km,Bình Dương,Thuận An,Số tự động,Máy xăng,VNĐ,ThángNăm,ThángNăm,"Trả góp đều hàng thángTrả góp đều, lãi tính trên dư nợ giảm dần hàng tháng",VNĐ
VinFast LUX SA2.0 Nâng cao 2021,730 triệu,2021,SUV,Xe cũ,Trong nước,50.000 km,Bình Dương,Thuận An,Số tự động,Máy xăng,VNĐ,ThángNăm,ThángNăm,"Trả góp đều hàng thángTrả góp đều, lãi tính trên dư nợ giảm dần hàng tháng",VNĐ
Toyota Innova 2.0G 2021,675 triệu,2021,MPV,Xe cũ,Trong nước,67.000 km,Bình Dương,Thuận An,Số tự động,Máy xăng,VNĐ,ThángNăm,ThángNăm,"Trả góp đều hàng thángTrả góp đều, lãi tính trên dư nợ giảm dần hàng tháng",VNĐ
Hyundai Elantra 2016,385 triệu,2016,Sedan,Xe cũ,Trong nước,127.000 km,Bình Dương,Thuận An,Số tự động,Máy xăng,VNĐ,ThángNăm,ThángNăm,"Trả góp đều hàng thángTrả góp đều, lãi tính trên dư nợ giảm dần hàng tháng",VNĐ
Kia Optima 2.0 AT 2013,430 triệu,2013,Sedan,Xe cũ,Nhập khẩu,72.000 km,Bình Dương,Thuận An,Số tự động,Máy xăng,VNĐ,ThángNăm,ThángNăm,"Trả góp đều hàng thángTrả góp đều, lãi tính trên dư nợ giảm dần hàng tháng",VNĐ
Honda HR-V L 2018,520 triệu,2018,SUV,Xe cũ,Nhập khẩu,78.797 km,Bình Dương,Thuận An,Số tự động,Máy xăng,VNĐ,ThángNăm,ThángNăm,"Trả góp đều hàng thángTrả góp đều, lãi tính trên dư nợ giảm dần hàng tháng",VNĐ
Ford Mustang 2018,1 tỉ 990 triệu,2018,Sport Car,Xe cũ,Nhập khẩu,38.000 km,Bình Dương,Thuận An,Số tự động,Máy xăng,VNĐ,ThángNăm,ThángNăm,"Trả góp đều hàng thángTrả góp đều, lãi tính trên dư nợ giảm dần hàng tháng",VNĐ
Chevrolet Cruze LT 1.6 2017,255 triệu,2017,Sedan,Xe cũ,Trong nước,130.000 km,Bình Dương,Thuận An,Số tự động,Máy xăng,VNĐ,ThángNăm,ThángNăm,"Trả góp đều hàng thángTrả góp đều, lãi tính trên dư nợ giảm dần hàng tháng",VNĐ
Ford Fiesta 1.5AT Titanium 2016,290 triệu,2016,Sedan,Xe cũ,Trong nước,110.000 km,Bình Dương,Thuận An,Số tự động,Máy xăng,VNĐ,ThángNăm,ThángNăm,"Trả góp đều hàng thángTrả góp đều, lãi tính trên dư nợ giảm dần hàng tháng",VNĐ
Peugeot 2008 GT Line 2022,680 triệu,2022,SUV,Xe cũ,Trong nước,48.000 km,Bình Dương,Thuận An,Số tự động,Máy xăng,VNĐ,ThángNăm,ThángNăm,"Trả góp đều hàng thángTrả góp đều, lãi tính trên dư nợ giảm dần hàng tháng",VNĐ
Peugeot 5008 Allure 2018,650 triệu,2018,SUV,Xe cũ,Trong nước,49.219 km,Bình Dương,Thuận An,Số tự động,Máy xăng,VNĐ,ThángNăm,ThángNăm,"Trả góp đều hàng thángTrả góp đều, lãi tính trên dư nợ giảm dần hàng tháng",VNĐ
Hyundai Elantra   2.0 AT 2018,445 triệu,2018,Sedan,Xe cũ,Trong nước,52.000 km,Bình Dương,Thuận An,Số tự động,Máy xăng,VNĐ,ThángNăm,ThángNăm,"Trả góp đều hàng thángTrả góp đều, lãi tính trên dư nợ giảm dần hàng tháng",VNĐ
Kia Sorento 2.4AT 2018,540 triệu,2018,MPV,Xe cũ,Trong nước,43.000 km,Bình Dương,Thuận An,Số tự động,Máy xăng,VNĐ,ThángNăm,ThángNăm,"Trả góp đều hàng thángTrả góp đều, lãi tính trên dư nợ giảm dần hàng tháng",VNĐ
Hyundai Genesis 2010,350 triệu,2010,Sedan,Xe cũ,Trong nước,98.000 km,Bình Dương,Thuận An,Số tự động,Máy xăng,VNĐ,ThángNăm,ThángNăm,"Trả góp đều hàng thángTrả góp đều, lãi tính trên dư nợ giảm dần hàng tháng",VNĐ
Hyundai Elantra Sport 1.6 2020,520 triệu,2020,Sedan,Xe cũ,Trong nước,56.000 km,Bình Dương,Thuận An,Số tự động,Máy xăng,VNĐ,ThángNăm,ThángNăm,"Trả góp đều hàng thángTrả góp đều, lãi tính trên dư nợ giảm dần hàng tháng",VNĐ
Suzuki Ciaz 1.4 AT 2019,345 triệu,2019,Sedan,Xe cũ,Nhập khẩu,72.000 km,Bình Dương,Thuận An,Số tự động,Máy xăng,VNĐ,ThángNăm,ThángNăm,"Trả góp đều hàng thángTrả góp đều, lãi tính trên dư nợ giảm dần hàng tháng",VNĐ
Ford EcoSport Titanium 1.5L AT 2017,365 triệu,2017,,Xe cũ,Nhập khẩu,80.000 km,Bình Dương,Thuận An,Số tự động,Máy xăng,VNĐ,ThángNăm,ThángNăm,"Trả góp đều hàng thángTrả góp đều, lãi tính trên dư nợ giảm dần hàng tháng",VNĐ
Hyundai Santa Fe 2.4L Xăng Đặc biệt 2018,690 triệu,2018,SUV,Xe cũ,Trong nước,84.000 km,Bình Dương,Thuận An,Số tự động,Máy xăng,VNĐ,ThángNăm,ThángNăm,"Trả góp đều hàng thángTrả góp đều, lãi tính trên dư nợ giảm dần hàng tháng",VNĐ
Citroen DS3 2011,299 triệu,2011,Coupe,Xe cũ,Nhập khẩu,110.000 km,Bình Dương,Thuận An,Số tự động,Máy xăng,VNĐ,ThángNăm,ThángNăm,"Trả góp đều hàng thángTrả góp đều, lãi tính trên dư nợ giảm dần hàng tháng",VNĐ
Kia Morning MT 2011,86 triệu,2011,Hatchback,Xe cũ,Trong nước,150.000 km,Phú Thọ,Hạ Hòa,Số sàn,Máy xăng,VNĐ,ThángNăm,ThángNăm,"Trả góp đều hàng thángTrả góp đều, lãi tính trên dư nợ giảm dần hàng tháng",VNĐ
Peugeot 2008 GT Line 2021,609 triệu,2021,Crossover,Xe cũ,Nhập khẩu,35.000 km,Hà Nội,Cầu Giấy,Số tự động,Máy xăng,VNĐ,ThángNăm,ThángNăm,"Trả góp đều hàng thángTrả góp đều, lãi tính trên dư nợ giảm dần hàng tháng",VNĐ
Chevrolet Captiva LT 2.4 MT 2010,168 triệu,2010,SUV,Xe cũ,Trong nước,104.000 km,Bình Dương,Thủ Dầu Một,Số sàn,Máy xăng,VNĐ,ThángNăm,ThángNăm,"Trả góp đều hàng thángTrả góp đều, lãi tính trên dư nợ giảm dần hàng tháng",VNĐ
Porsche 718 Boxster T 2023,4 tỉ 950 triệu,2023,Convertible,Xe cũ,Nhập khẩu,1.111 km,Tp.HCM,Quận 7,Số tự động,Máy xăng,VNĐ,ThángNăm,ThángNăm,"Trả góp đều hàng thángTrả góp đều, lãi tính trên dư nợ giảm dần hàng tháng",VNĐ
Mercedes-Benz S450L Luxury 2022,4 tỉ 399 triệu,2022,Sedan,Xe cũ,Nhập khẩu,32.000 km,Tp.HCM,Quận 7,Số tự động,Máy xăng,VNĐ,ThángNăm,ThángNăm,"Trả góp đều hàng thángTrả góp đều, lãi tính trên dư nợ giảm dần hàng tháng",VNĐ
Volvo XC90 T8 Hybrid Recharge AWD 2021,2 tỉ 699 triệu,2021,SUV,Xe cũ,Nhập khẩu,92.000 km,Tp.HCM,Quận 7,Số tự động,Hybrid,VNĐ,ThángNăm,ThángNăm,"Trả góp đều hàng thángTrả góp đều, lãi tính trên dư nợ giảm dần hàng tháng",VNĐ
Porsche Macan  2022,3 tỉ 699 triệu,2022,SUV,Xe cũ,Nhập khẩu,10.000 km,Tp.HCM,Quận 7,Số tự động,Máy xăng,VNĐ,ThángNăm,ThángNăm,"Trả góp đều hàng thángTrả góp đều, lãi tính trên dư nợ giảm dần hàng tháng",VNĐ
BMW X5 xDrive 40i xLine Plus 2021,3 tỉ 099 triệu,2021,SUV,Xe cũ,Nhập khẩu,28.888 km,Tp.HCM,Quận 7,Số tự động,Máy xăng,VNĐ,ThángNăm,ThángNăm,"Trả góp đều hàng thángTrả góp đều, lãi tính trên dư nợ giảm dần hàng tháng",VNĐ
Ford Ranger XLS 2.2 4x2 AT 2017,450 triệu,2017,,Xe cũ,Trong nước,50.000 km,Phú Thọ,Hạ Hòa,Số tự động,Máy dầu,VNĐ,ThángNăm,ThángNăm,"Trả góp đều hàng thángTrả góp đều, lãi tính trên dư nợ giảm dần hàng tháng",VNĐ
Nissan Navara 2.5 MT 2015,315 triệu,2015,Bán tải,Xe cũ,Nhập khẩu,10.000 km,Hà Nội,Đông Anh,Số sàn,Máy dầu,VNĐ,ThángNăm,ThángNăm,"Trả góp đều hàng thángTrả góp đều, lãi tính trên dư nợ giảm dần hàng tháng",VNĐ
Hyundai Tucson 2.0 Dầu đặc biệt 2019,675 triệu,2019,Crossover,Xe cũ,Trong nước,93.000 km,Hà Nội,Nam Từ Liêm,Số tự động,Máy dầu,VNĐ,ThángNăm,ThángNăm,"Trả góp đều hàng thángTrả góp đều, lãi tính trên dư nợ giảm dần hàng tháng",VNĐ
Peugeot 3008 2022,725 triệu,2022,SUV,Xe cũ,Nhập khẩu,22.000 km,Hà Nội,Cầu Giấy,Số tự động,Máy xăng,VNĐ,ThángNăm,ThángNăm,"Trả góp đều hàng thángTrả góp đều, lãi tính trên dư nợ giảm dần hàng tháng",VNĐ
Kia K3 2.0 Premium 2016,358 triệu,2016,Sedan,Xe cũ,Trong nước,80.000 km,Hà Nội,Nam Từ Liêm,Số tự động,Máy xăng,VNĐ,ThángNăm,ThángNăm,"Trả góp đều hàng thángTrả góp đều, lãi tính trên dư nợ giảm dần hàng tháng",VNĐ
Hyundai Santa Fe 2.4L Xăng Cao cấp 2020,795 triệu,2020,SUV,Xe cũ,Trong nước,80.000 km,Hà Nội,Nam Từ Liêm,Số tự động,Máy xăng,VNĐ,ThángNăm,ThángNăm,"Trả góp đều hàng thángTrả góp đều, lãi tính trên dư nợ giảm dần hàng tháng",VNĐ
Mazda 3 2.0L Sedan 2017,396 triệu,2017,Sedan,Xe cũ,Trong nước,60.000 km,Hà Nội,Nam Từ Liêm,Số tự động,Máy xăng,VNĐ,ThángNăm,ThángNăm,"Trả góp đều hàng thángTrả góp đều, lãi tính trên dư nợ giảm dần hàng tháng",VNĐ
Ford Ranger 2017,575 triệu,2017,Bán tải,Xe cũ,Nhập khẩu,90.000 km,Hà Nội,Nam Từ Liêm,Số tự động,Máy dầu,VNĐ,ThángNăm,ThángNăm,"Trả góp đều hàng thángTrả góp đều, lãi tính trên dư nợ giảm dần hàng tháng",VNĐ
Hyundai i20 1.4 AT 2015,345 triệu,2015,Hatchback,Xe cũ,Nhập khẩu,110.000 km,Phú Thọ,Hạ Hòa,Số tự động,Máy xăng,VNĐ,ThángNăm,ThángNăm,"Trả góp đều hàng thángTrả góp đều, lãi tính trên dư nợ giảm dần hàng tháng",VNĐ
Hyundai Grand i10 Sedan 1.2 MT 2016,168 triệu,2016,Sedan,Xe cũ,Nhập khẩu,120.000 km,Hà Nội,Quốc Oai,Số sàn,Máy xăng,VNĐ,ThángNăm,ThángNăm,"Trả góp đều hàng thángTrả góp đều, lãi tính trên dư nợ giảm dần hàng tháng",VNĐ
Hyundai Santa Fe 2.4L Xăng Đặc biệt 2015,568 triệu,2015,SUV,Xe cũ,Trong nước,120.000 km,Hà Nội,,Số tự động,Máy xăng,VNĐ,ThángNăm,ThángNăm,"Trả góp đều hàng thángTrả góp đều, lãi tính trên dư nợ giảm dần hàng tháng",VNĐ
Hyundai Grand i10 Sedan 1.2 MT 2020,248 triệu,2020,Sedan,Xe cũ,Trong nước,88.000 km,Hà Nội,Quốc Oai,Số sàn,Máy xăng,VNĐ,ThángNăm,ThángNăm,"Trả góp đều hàng thángTrả góp đều, lãi tính trên dư nợ giảm dần hàng tháng",VNĐ
Ford Ranger Wildtrak 3.2 4x4 AT 2016,520 triệu,2016,Bán tải,Xe cũ,Nhập khẩu,100.000 km,Hà Nội,Cầu Giấy,Số tự động,Máy dầu,VNĐ,ThángNăm,ThángNăm,"Trả góp đều hàng thángTrả góp đều, lãi tính trên dư nợ giảm dần hàng tháng",VNĐ
Mercedes-Benz E250 2017,899 triệu,2017,Sedan,Xe cũ,Trong nước,40.000 km,Hà Nội,Cầu Giấy,Số tự động,Máy xăng,VNĐ,ThángNăm,ThángNăm,"Trả góp đều hàng thángTrả góp đều, lãi tính trên dư nợ giảm dần hàng tháng",VNĐ
Mazda CX-5 2017,530 triệu,2017,SUV,Xe cũ,Trong nước,74.000 km,Hà Nội,,Số tự động,Máy xăng,VNĐ,ThángNăm,ThángNăm,"Trả góp đều hàng thángTrả góp đều, lãi tính trên dư nợ giảm dần hàng tháng",VNĐ
Hyundai Grand Starex 2.4 MT 2011,315 triệu,2011,Van/Minivan,Xe cũ,Nhập khẩu,10.000 km,Hà Nội,Đông Anh,Số sàn,Máy dầu,VNĐ,ThángNăm,ThángNăm,"Trả góp đều hàng thángTrả góp đều, lãi tính trên dư nợ giảm dần hàng tháng",VNĐ
Mercedes-Benz S450 4Matic Luxury 2017,1 tỉ 860 triệu,2017,Sedan,Xe cũ,Nhập khẩu,110.000 km,Hà Nội,Cầu Giấy,Số tự động,Máy xăng,VNĐ,ThángNăm,ThángNăm,"Trả góp đều hàng thángTrả góp đều, lãi tính trên dư nợ giảm dần hàng tháng",VNĐ
Hyundai Elantra   2.0 AT 2021,535 triệu,2021,,Xe cũ,Trong nước,30.000 km,Hà Nội,Nam Từ Liêm,Số tự động,Máy xăng,VNĐ,ThángNăm,ThángNăm,"Trả góp đều hàng thángTrả góp đều, lãi tính trên dư nợ giảm dần hàng tháng",VNĐ
Ford Everest 2020,860 triệu,2020,,Xe cũ,Trong nước,8.200 km,Hà Nội,,Số tự động,Máy xăng,VNĐ,ThángNăm,ThángNăm,"Trả góp đều hàng thángTrả góp đều, lãi tính trên dư nợ giảm dần hàng tháng",VNĐ
Ford Ranger 2019,525 triệu,2019,,Xe cũ,Trong nước,80.000 km,Hà Nội,Nam Từ Liêm,Số tự động,Máy xăng,VNĐ,ThángNăm,ThángNăm,"Trả góp đều hàng thángTrả góp đều, lãi tính trên dư nợ giảm dần hàng tháng",VNĐ
Toyota Innova 2.0G 2009,210 triệu,2009,MPV,Xe cũ,Trong nước,120.000 km,Bình Dương,Thuận An,Số sàn,Máy xăng,VNĐ,ThángNăm,ThángNăm,"Trả góp đều hàng thángTrả góp đều, lãi tính trên dư nợ giảm dần hàng tháng",VNĐ
Toyota Vios 1.5 G CVT 2021,445 triệu,2021,Sedan,Xe cũ,Trong nước,67.000 km,Hà Nội,Cầu Giấy,Số tự động,Máy xăng,VNĐ,ThángNăm,ThángNăm,"Trả góp đều hàng thángTrả góp đều, lãi tính trên dư nợ giảm dần hàng tháng",VNĐ
Mazda CX-8 Premium 2021,845 triệu,2021,SUV,Xe cũ,Trong nước,45.000 km,Hà Nội,Nam Từ Liêm,Số tự động,Máy xăng,VNĐ,ThángNăm,ThángNăm,"Trả góp đều hàng thángTrả góp đều, lãi tính trên dư nợ giảm dần hàng tháng",VNĐ
Kia Sorento 2.2D Premium AWD 2016,499 triệu,2016,SUV,Xe cũ,Trong nước,100.000 km,Hà Nội,Nam Từ Liêm,Số tự động,Máy dầu,VNĐ,ThángNăm,ThángNăm,"Trả góp đều hàng thángTrả góp đều, lãi tính trên dư nợ giảm dần hàng tháng",VNĐ
Toyota Camry 2.4G 2012,360 triệu,2012,Sedan,Xe cũ,Trong nước,120.000 km,Hà Nội,,Số tự động,Máy xăng,VNĐ,ThángNăm,ThángNăm,"Trả góp đều hàng thángTrả góp đều, lãi tính trên dư nợ giảm dần hàng tháng",VNĐ
Toyota Vios 1.5G AT 2019,398 triệu,2019,Sedan,Xe cũ,Trong nước,70.000 km,Hà Nội,Quốc Oai,Số tự động,Máy xăng,VNĐ,ThángNăm,ThángNăm,"Trả góp đều hàng thángTrả góp đều, lãi tính trên dư nợ giảm dần hàng tháng",VNĐ
Mazda 3 Sedan 1.5L Deluxe 2022,499 triệu,2022,Sedan,Xe cũ,Trong nước,42.000 km,Hà Nội,Nam Từ Liêm,Số tự động,Máy xăng,VNĐ,ThángNăm,ThángNăm,"Trả góp đều hàng thángTrả góp đều, lãi tính trên dư nợ giảm dần hàng tháng",VNĐ
Kia Morning LX 1.25 MT 2014,145 triệu,2014,Hatchback,Xe cũ,Trong nước,120.000 km,Hà Nội,Quốc Oai,Số sàn,Máy xăng,VNĐ,ThángNăm,ThángNăm,"Trả góp đều hàng thángTrả góp đều, lãi tính trên dư nợ giảm dần hàng tháng",VNĐ
Ford Ranger XLS 2.0L 4x2 AT 2016,420 triệu,2016,Bán tải,Xe cũ,Trong nước,70.000 km,Hà Nội,Nam Từ Liêm,Số tự động,Máy xăng,VNĐ,ThángNăm,ThángNăm,"Trả góp đều hàng thángTrả góp đều, lãi tính trên dư nợ giảm dần hàng tháng",VNĐ
BMW 520i Luxury Line 2020,1 tỉ 399 triệu,2020,Sedan,Xe cũ,Nhập khẩu,48.888 km,Tp.HCM,Quận 7,Số tự động,Máy xăng,VNĐ,ThángNăm,ThángNăm,"Trả góp đều hàng thángTrả góp đều, lãi tính trên dư nợ giảm dần hàng tháng",VNĐ
Toyota Vios 1.5G AT 2019,405 triệu,2019,Sedan,Xe cũ,Trong nước,70.000 km,Hà Nội,Quốc Oai,Số tự động,Máy xăng,VNĐ,ThángNăm,ThángNăm,"Trả góp đều hàng thángTrả góp đều, lãi tính trên dư nợ giảm dần hàng tháng",VNĐ
Mazda CX-30 2.0L Premium 2022,666 triệu,2022,Crossover,Xe cũ,Nhập khẩu,80.000 km,Hà Nội,Long Biên,Số tự động,Máy xăng,VNĐ,ThángNăm,ThángNăm,"Trả góp đều hàng thángTrả góp đều, lãi tính trên dư nợ giảm dần hàng tháng",VNĐ
Toyota Vios 1.5 E CVT 2021,399 triệu,2021,Sedan,Xe cũ,Trong nước,68.000 km,Phú Thọ,Hạ Hòa,Số tự động,Máy xăng,VNĐ,ThángNăm,ThángNăm,"Trả góp đều hàng thángTrả góp đều, lãi tính trên dư nợ giảm dần hàng tháng",VNĐ
Porsche Cayenne V6 3.0 2019,3 tỉ 199 triệu,2019,SUV,Xe cũ,Nhập khẩu,49.000 km,Tp.HCM,Quận 7,Số tự động,Máy xăng,VNĐ,ThángNăm,ThángNăm,"Trả góp đều hàng thángTrả góp đều, lãi tính trên dư nợ giảm dần hàng tháng",VNĐ
Kia Seltos 1.4 Luxury 2023,630 triệu,2023,SUV,Xe cũ,Trong nước,32.000 km,Hà Nội,Long Biên,Số tự động,Máy xăng,VNĐ,ThángNăm,ThángNăm,"Trả góp đều hàng thángTrả góp đều, lãi tính trên dư nợ giảm dần hàng tháng",VNĐ
Mazda 3 2017,425 triệu,2017,Sedan,Xe cũ,Trong nước,100.000 km,Hà Nội,Nam Từ Liêm,Số tự động,Máy xăng,VNĐ,ThángNăm,ThángNăm,"Trả góp đều hàng thángTrả góp đều, lãi tính trên dư nợ giảm dần hàng tháng",VNĐ
Mercedes-Benz GLS 450 4Matic 2021,4 tỉ 099 triệu,2021,SUV,Xe cũ,Nhập khẩu,29.000 km,Tp.HCM,Quận 7,Số tự động,Máy xăng,VNĐ,ThángNăm,ThángNăm,"Trả góp đều hàng thángTrả góp đều, lãi tính trên dư nợ giảm dần hàng tháng",VNĐ
Honda HR-V L 2019,569 triệu,2019,SUV,Xe cũ,Nhập khẩu,21.689 km,Hà Nội,Hoàng Mai,Số tự động,Máy xăng,VNĐ,ThángNăm,ThángNăm,"Trả góp đều hàng thángTrả góp đều, lãi tính trên dư nợ giảm dần hàng tháng",VNĐ
Mitsubishi Xpander 1.5 MT 2020,395 triệu,2020,SUV,Xe cũ,Nhập khẩu,81.289 km,Hà Nội,Hoàng Mai,Số sàn,Máy xăng,VNĐ,ThángNăm,ThángNăm,"Trả góp đều hàng thángTrả góp đều, lãi tính trên dư nợ giảm dần hàng tháng",VNĐ
Hyundai Santa Fe 2.2L Dầu Cao cấp 2021,1 tỉ 085 triệu,2021,SUV,Xe cũ,Trong nước,72.689 km,Hà Nội,Hoàng Mai,Số tự động,Máy dầu,VNĐ,ThángNăm,ThángNăm,"Trả góp đều hàng thángTrả góp đều, lãi tính trên dư nợ giảm dần hàng tháng",VNĐ
Hyundai Santa Fe 2.4L Xăng Cao cấp 2016,585 triệu,2016,SUV,Xe cũ,Trong nước,85.689 km,Hà Nội,Hoàng Mai,Số tự động,Máy xăng,VNĐ,ThángNăm,ThángNăm,"Trả góp đều hàng thángTrả góp đều, lãi tính trên dư nợ giảm dần hàng tháng",VNĐ
Mazda 3 1.5 Hatchback 2017,425 triệu,2017,Sedan,Xe cũ,Trong nước,110.000 km,Hà Nội,Hoàng Mai,Số tự động,Máy xăng,VNĐ,ThángNăm,ThángNăm,"Trả góp đều hàng thángTrả góp đều, lãi tính trên dư nợ giảm dần hàng tháng",VNĐ
Kia Seltos 1.4 Luxury 2021,565 triệu,2021,SUV,Xe cũ,Trong nước,50.000 km,Hà Nội,Hoàng Mai,Số tự động,Máy xăng,VNĐ,ThángNăm,ThángNăm,"Trả góp đều hàng thángTrả góp đều, lãi tính trên dư nợ giảm dần hàng tháng",VNĐ
Mazda 3 1.5 Hatchback 2017,425 triệu,2017,Hatchback,Xe cũ,Trong nước,81.829 km,Hà Nội,Hoàng Mai,Số tự động,Máy xăng,VNĐ,ThángNăm,ThángNăm,"Trả góp đều hàng thángTrả góp đều, lãi tính trên dư nợ giảm dần hàng tháng",VNĐ
Mazda 3 2.0L Sedan 2016,379 triệu,2016,Sedan,Xe cũ,Trong nước,100.000 km,Hà Nội,Hoàng Mai,Số tự động,Máy xăng,VNĐ,ThángNăm,ThángNăm,"Trả góp đều hàng thángTrả góp đều, lãi tính trên dư nợ giảm dần hàng tháng",VNĐ
Mazda 3 1.5L Sedan 2019,465 triệu,2019,Sedan,Xe cũ,Trong nước,65.689 km,Hà Nội,Hoàng Mai,Số tự động,Máy xăng,VNĐ,ThángNăm,ThángNăm,"Trả góp đều hàng thángTrả góp đều, lãi tính trên dư nợ giảm dần hàng tháng",VNĐ
Kia Cerato 1.6 AT Luxury 2018,405 triệu,2018,Sedan,Xe cũ,Trong nước,65.689 km,Hà Nội,Hoàng Mai,Số tự động,Máy xăng,VNĐ,ThángNăm,ThángNăm,"Trả góp đều hàng thángTrả góp đều, lãi tính trên dư nợ giảm dần hàng tháng",VNĐ
MG 5 1.5L Luxury 2022,415 triệu,2022,Sedan,Xe cũ,Nhập khẩu,39.899 km,Hà Nội,Hoàng Mai,Số tự động,Máy xăng,VNĐ,ThángNăm,ThángNăm,"Trả góp đều hàng thángTrả góp đều, lãi tính trên dư nợ giảm dần hàng tháng",VNĐ
Mazda 3 Sedan 1.5L Luxury 2019,465 triệu,2019,Sedan,Xe cũ,Trong nước,67.899 km,Hà Nội,Hoàng Mai,Số tự động,Máy xăng,VNĐ,ThángNăm,ThángNăm,"Trả góp đều hàng thángTrả góp đều, lãi tính trên dư nợ giảm dần hàng tháng",VNĐ
Mazda CX-5 2.5L Luxury 2018,599 triệu,2018,SUV,Xe cũ,Trong nước,85.680 km,Hà Nội,Hoàng Mai,Số tự động,Máy xăng,VNĐ,ThángNăm,ThángNăm,"Trả góp đều hàng thángTrả góp đều, lãi tính trên dư nợ giảm dần hàng tháng",VNĐ
Mazda CX-5 2.5L Luxury 2017,515 triệu,2017,SUV,Xe cũ,Trong nước,96.896 km,Hà Nội,Hoàng Mai,Số tự động,Máy xăng,VNĐ,ThángNăm,ThángNăm,"Trả góp đều hàng thángTrả góp đều, lãi tính trên dư nợ giảm dần hàng tháng",VNĐ
VinFast LUX A2.0 Cao cấp 2019,535 triệu,2019,Sedan,Xe cũ,Trong nước,67.899 km,Hà Nội,Hoàng Mai,Số tự động,Máy xăng,VNĐ,ThángNăm,ThángNăm,"Trả góp đều hàng thángTrả góp đều, lãi tính trên dư nợ giảm dần hàng tháng",VNĐ
Kia Sonet 1.5 Premium 2022,535 triệu,2022,SUV,Xe cũ,Trong nước,45.689 km,Hà Nội,Hoàng Mai,Số tự động,Máy xăng,VNĐ,ThángNăm,ThángNăm,"Trả góp đều hàng thángTrả góp đều, lãi tính trên dư nợ giảm dần hàng tháng",VNĐ
Peugeot 3008 GT 2022,855 triệu,2022,,Xe cũ,Nhập khẩu,57.000 km,Hà Nội,Cầu Giấy,Số tự động,Máy xăng,VNĐ,ThángNăm,ThángNăm,"Trả góp đều hàng thángTrả góp đều, lãi tính trên dư nợ giảm dần hàng tháng",VNĐ
Mitsubishi Xpander Cross 1.5 AT 2024,625 triệu,2024,,Xe cũ,Trong nước,20.000 km,Phú Thọ,Hạ Hòa,Số tự động,Máy xăng,VNĐ,ThángNăm,ThángNăm,"Trả góp đều hàng thángTrả góp đều, lãi tính trên dư nợ giảm dần hàng tháng",VNĐ
Hyundai Tucson 1.6 Turbo HTRAC 2019,700 triệu,2019,SUV,Xe cũ,Trong nước,70.000 km,Hà Nội,Nam Từ Liêm,Số tự động,Máy xăng,VNĐ,ThángNăm,ThángNăm,"Trả góp đều hàng thángTrả góp đều, lãi tính trên dư nợ giảm dần hàng tháng",VNĐ
Ford Ranger Wildtrak 3.2 4x4 AT 2016,530 triệu,2016,,Xe cũ,Nhập khẩu,12.000 km,Hà Nội,Cầu Giấy,Số tự động,Máy xăng,VNĐ,ThángNăm,ThángNăm,"Trả góp đều hàng thángTrả góp đều, lãi tính trên dư nợ giảm dần hàng tháng",VNĐ
Toyota Corolla Cross 1.8 V  2021,705 triệu,2021,SUV,Xe cũ,Trong nước,30.000 km,Hà Nội,Cầu Giấy,Số tự động,Máy xăng,VNĐ,ThángNăm,ThángNăm,"Trả góp đều hàng thángTrả góp đều, lãi tính trên dư nợ giảm dần hàng tháng",VNĐ
Kia Morning Si 1.25 MT 2018,213 triệu,2018,Hatchback,Xe cũ,Trong nước,110.000 km,Phú Thọ,Hạ Hòa,Số sàn,Máy xăng,VNĐ,ThángNăm,ThángNăm,"Trả góp đều hàng thángTrả góp đều, lãi tính trên dư nợ giảm dần hàng tháng",VNĐ
Hyundai Grand i10 Hatchback 1.2 AT 2020,338 triệu,2020,Hatchback,Xe cũ,Trong nước,56.000 km,Hà Nội,Quốc Oai,Số tự động,Máy xăng,VNĐ,ThángNăm,ThángNăm,"Trả góp đều hàng thángTrả góp đều, lãi tính trên dư nợ giảm dần hàng tháng",VNĐ
Mazda CX-8 2023,850 triệu,2023,SUV,Xe cũ,Trong nước,45.000 km,Hà Nội,Nam Từ Liêm,Số tự động,Máy xăng,VNĐ,ThángNăm,ThángNăm,"Trả góp đều hàng thángTrả góp đều, lãi tính trên dư nợ giảm dần hàng tháng",VNĐ
Mercedes-Benz GLC 300 4Matic 2021,1 tỉ 699 triệu,2021,SUV,Xe cũ,Trong nước,49.000 km,Tp.HCM,Quận 7,Số tự động,Máy xăng,VNĐ,ThángNăm,ThángNăm,"Trả góp đều hàng thángTrả góp đều, lãi tính trên dư nợ giảm dần hàng tháng",VNĐ
Hyundai Accent 1.4 AT Đặc biệt 2023,445 triệu,2023,Sedan,Xe cũ,Trong nước,47.000 km,Hà Nội,Cầu Giấy,Số tự động,Máy xăng,VNĐ,ThángNăm,ThángNăm,"Trả góp đều hàng thángTrả góp đều, lãi tính trên dư nợ giảm dần hàng tháng",VNĐ
Hyundai Elantra 1.6 AT Đặc biệt 2017,380 triệu,2017,Sedan,Xe cũ,Trong nước,110.000 km,Hà Nội,Cầu Giấy,Số tự động,Máy xăng,VNĐ,ThángNăm,ThángNăm,"Trả góp đều hàng thángTrả góp đều, lãi tính trên dư nợ giảm dần hàng tháng",VNĐ
Mercedes-Benz GLK 250 4Matic 2014,540 triệu,2014,SUV,Xe cũ,Trong nước,110.000 km,Hà Nội,Cầu Giấy,Số tự động,Máy xăng,VNĐ,ThángNăm,ThángNăm,"Trả góp đều hàng thángTrả góp đều, lãi tính trên dư nợ giảm dần hàng tháng",VNĐ
Suzuki Swift 1.4 AT 2016,270 triệu,2016,Hatchback,Xe cũ,Nhập khẩu,80.000 km,Hà Nội,Long Biên,Số tự động,Máy xăng,VNĐ,ThángNăm,ThángNăm,"Trả góp đều hàng thángTrả góp đều, lãi tính trên dư nợ giảm dần hàng tháng",VNĐ
Mazda CX-8 Premium 2021,810 triệu,2021,SUV,Xe cũ,Nhập khẩu,48.000 km,Tp.HCM,Bình Thạnh,Số tự động,Máy xăng,VNĐ,ThángNăm,ThángNăm,"Trả góp đều hàng thángTrả góp đều, lãi tính trên dư nợ giảm dần hàng tháng",VNĐ
BMW 530i M Sport 2022,2 tỉ 099 triệu,2022,Sedan,Xe cũ,Trong nước,38.000 km,Hà Nội,Long Biên,Số tự động,Máy xăng,VNĐ,ThángNăm,ThángNăm,"Trả góp đều hàng thángTrả góp đều, lãi tính trên dư nợ giảm dần hàng tháng",VNĐ
Toyota Fortuner 2.7 V 4X4 AT 2015,490 triệu,2015,SUV,Xe cũ,Trong nước,90.000 km,Hà Nội,Cầu Giấy,Số tự động,Máy xăng,VNĐ,ThángNăm,ThángNăm,"Trả góp đều hàng thángTrả góp đều, lãi tính trên dư nợ giảm dần hàng tháng",VNĐ
Honda CR-V L AWD 2016,540 triệu,2016,SUV,Xe cũ,Trong nước,110.000 km,Hà Nội,Cầu Giấy,Số tự động,Máy xăng,VNĐ,ThángNăm,ThángNăm,"Trả góp đều hàng thángTrả góp đều, lãi tính trên dư nợ giảm dần hàng tháng",VNĐ
Mazda 3 1.5L Sedan 2017,385 triệu,2017,Sedan,Xe cũ,Trong nước,80.000 km,Hà Nội,Long Biên,Số tự động,Máy xăng,VNĐ,ThángNăm,ThángNăm,"Trả góp đều hàng thángTrả góp đều, lãi tính trên dư nợ giảm dần hàng tháng",VNĐ
Volkswagen Tiguan 2.0AT 2011,330 triệu,2011,SUV,Xe cũ,Nhập khẩu,160.000 km,Hà Nội,Cầu Giấy,Số tự động,Máy xăng,VNĐ,ThángNăm,ThángNăm,"Trả góp đều hàng thángTrả góp đều, lãi tính trên dư nợ giảm dần hàng tháng",VNĐ
Mercedes-Benz E250 E250 2017,870 triệu,2017,Sedan,Xe cũ,Nhập khẩu,72.000 km,Hà Nội,Nam Từ Liêm,Số tự động,Máy xăng,VNĐ,ThángNăm,ThángNăm,"Trả góp đều hàng thángTrả góp đều, lãi tính trên dư nợ giảm dần hàng tháng",VNĐ
Mercedes-Benz GLC 300 4Matic 2023,2 tỉ 399 triệu,2023,SUV,Xe cũ,Trong nước,15.000 km,Hà Nội,Long Biên,Số tự động,Máy xăng,VNĐ,ThángNăm,ThángNăm,"Trả góp đều hàng thángTrả góp đều, lãi tính trên dư nợ giảm dần hàng tháng",VNĐ
Mercedes-Benz E300 AMG 2021,1 tỉ 899 triệu,2021,Sedan,Xe cũ,Trong nước,33.333 km,Tp.HCM,Quận 7,Số tự động,Máy xăng,VNĐ,ThángNăm,ThángNăm,"Trả góp đều hàng thángTrả góp đều, lãi tính trên dư nợ giảm dần hàng tháng",VNĐ
Ford Everest Titanium 2.0 AT 4x2 2020,860 triệu,2020,SUV,Xe cũ,Nhập khẩu,80.000 km,Hà Nội,Nam Từ Liêm,Số tự động,Máy dầu,VNĐ,ThángNăm,ThángNăm,"Trả góp đều hàng thángTrả góp đều, lãi tính trên dư nợ giảm dần hàng tháng",VNĐ
Kia Cerato 1.6 AT Luxury 2020,485 triệu,2020,Sedan,Xe cũ,Trong nước,79.000 km,Hà Nội,Cầu Giấy,Số tự động,Máy xăng,VNĐ,ThángNăm,ThángNăm,"Trả góp đều hàng thángTrả góp đều, lãi tính trên dư nợ giảm dần hàng tháng",VNĐ
Mercedes-Benz E250 E250 2017,885 triệu,2017,Sedan,Xe cũ,Trong nước,72.000 km,Hà Nội,Nam Từ Liêm,Số tự động,Máy xăng,VNĐ,ThángNăm,ThángNăm,"Trả góp đều hàng thángTrả góp đều, lãi tính trên dư nợ giảm dần hàng tháng",VNĐ
Mazda CX-5 2022,740 triệu,2022,SUV,Xe cũ,Trong nước,30.000 km,Hà Nội,Nam Từ Liêm,Số tự động,Máy xăng,VNĐ,ThángNăm,ThángNăm,"Trả góp đều hàng thángTrả góp đều, lãi tính trên dư nợ giảm dần hàng tháng",VNĐ
Hyundai Sonata 2.0L-6AT 2009,219 triệu,2009,Sedan,Xe cũ,Nhập khẩu,120.000 km,Hà Nội,Hoàng Mai,Số tự động,Máy xăng,VNĐ,ThángNăm,ThángNăm,"Trả góp đều hàng thángTrả góp đều, lãi tính trên dư nợ giảm dần hàng tháng",VNĐ
Hyundai Creta 1.5L Đặc biệt 2023,635 triệu,2023,Crossover,Xe cũ,Trong nước,10.000 km,Hà Nội,Thanh Xuân,Số tự động,Máy xăng,VNĐ,ThángNăm,ThángNăm,"Trả góp đều hàng thángTrả góp đều, lãi tính trên dư nợ giảm dần hàng tháng",VNĐ
Mazda 3 1.5L Sedan 2017,396 triệu,2017,Sedan,Xe cũ,Trong nước,100.000 km,Hà Nội,Nam Từ Liêm,Số tự động,Máy xăng,VNĐ,ThángNăm,ThángNăm,"Trả góp đều hàng thángTrả góp đều, lãi tính trên dư nợ giảm dần hàng tháng",VNĐ
Mitsubishi Outlander 2023,820 triệu,2023,SUV,Xe cũ,Trong nước,35.000 km,Hà Nội,,Số tự động,Máy xăng,VNĐ,ThángNăm,ThángNăm,"Trả góp đều hàng thángTrả góp đều, lãi tính trên dư nợ giảm dần hàng tháng",VNĐ
BMW X5 xDrive40i Msport 2023,3 tỉ 790 triệu,2023,SUV,Xe cũ,Nhập khẩu,17.777 km,Tp.HCM,Quận 7,Số tự động,Máy xăng,VNĐ,ThángNăm,ThángNăm,"Trả góp đều hàng thángTrả góp đều, lãi tính trên dư nợ giảm dần hàng tháng",VNĐ
Mercedes-Benz E250 2023,870 triệu,2023,Sedan,Xe cũ,Nhập khẩu,45.000 km,Hà Nội,Nam Từ Liêm,Số tự động,Máy xăng,VNĐ,ThángNăm,ThángNăm,"Trả góp đều hàng thángTrả góp đều, lãi tính trên dư nợ giảm dần hàng tháng",VNĐ
Toyota Corolla Altis 1.8 G 2018,515 triệu,2018,Sedan,Xe cũ,Trong nước,93.000 km,Hà Nội,Cầu Giấy,Số tự động,Máy xăng,VNĐ,ThángNăm,ThángNăm,"Trả góp đều hàng thángTrả góp đều, lãi tính trên dư nợ giảm dần hàng tháng",VNĐ
Mitsubishi Xpander 1.5 AT  2018,415 triệu,2018,MPV,Xe cũ,Nhập khẩu,80.000 km,Hà Nội,Long Biên,Số tự động,Máy xăng,VNĐ,ThángNăm,ThángNăm,"Trả góp đều hàng thángTrả góp đều, lãi tính trên dư nợ giảm dần hàng tháng",VNĐ
Mercedes-Benz GLS 450 4Matic 2021,3 tỉ 555 triệu,2021,,Xe cũ,Nhập khẩu,58.000 km,Hà Nội,Long Biên,Số tự động,Máy xăng,VNĐ,ThángNăm,ThángNăm,"Trả góp đều hàng thángTrả góp đều, lãi tính trên dư nợ giảm dần hàng tháng",VNĐ
Honda City RS 2023,499 triệu,2023,Sedan,Xe cũ,Trong nước,58.000 km,Hà Nội,Nam Từ Liêm,Số tự động,Máy xăng,VNĐ,ThángNăm,ThángNăm,"Trả góp đều hàng thángTrả góp đều, lãi tính trên dư nợ giảm dần hàng tháng",VNĐ
Hyundai Accent 1.4 AT 2021,425 triệu,2021,Sedan,Xe cũ,Trong nước,50.000 km,Hà Nội,Hoàng Mai,Số tự động,Máy xăng,VNĐ,ThángNăm,ThángNăm,"Trả góp đều hàng thángTrả góp đều, lãi tính trên dư nợ giảm dần hàng tháng",VNĐ
Mercedes-Benz C300 AMG 2022,1 tỉ 869 triệu,2022,Sedan,Xe cũ,Nhập khẩu,18.888 km,Tp.HCM,Quận 7,Số tự động,Máy xăng,VNĐ,ThángNăm,ThángNăm,"Trả góp đều hàng thángTrả góp đều, lãi tính trên dư nợ giảm dần hàng tháng",VNĐ
Mazda 2 1.5AT 2021,365 triệu,2021,Sedan,Xe cũ,Trong nước,35.000 km,Hà Nội,Cầu Giấy,Số tự động,Máy xăng,VNĐ,ThángNăm,ThángNăm,"Trả góp đều hàng thángTrả góp đều, lãi tính trên dư nợ giảm dần hàng tháng",VNĐ
Mitsubishi Outlander 2023,820 triệu,2023,SUV,Xe cũ,Nhập khẩu,38.000 km,Hà Nội,Nam Từ Liêm,Số tự động,Máy xăng,VNĐ,ThángNăm,ThángNăm,"Trả góp đều hàng thángTrả góp đều, lãi tính trên dư nợ giảm dần hàng tháng",VNĐ
Hyundai Santa Fe 2.4L Xăng Cao cấp 2015,545 triệu,2015,SUV,Xe cũ,Trong nước,120.000 km,Hà Nội,Nam Từ Liêm,Số tự động,Máy xăng,VNĐ,ThángNăm,ThángNăm,"Trả góp đều hàng thángTrả góp đều, lãi tính trên dư nợ giảm dần hàng tháng",VNĐ
Ford Everest 2.5 MT 2019,695 triệu,2019,SUV,Xe cũ,Nhập khẩu,87.000 km,Bình Phước,Đồng Phú,Số sàn,Máy dầu,VNĐ,ThángNăm,ThángNăm,"Trả góp đều hàng thángTrả góp đều, lãi tính trên dư nợ giảm dần hàng tháng",VNĐ
Hyundai Santa Fe 2015,560 triệu,2015,SUV,Xe cũ,Trong nước,120.000 km,Hà Nội,Nam Từ Liêm,Số tự động,Máy xăng,VNĐ,ThángNăm,ThángNăm,"Trả góp đều hàng thángTrả góp đều, lãi tính trên dư nợ giảm dần hàng tháng",VNĐ
Toyota Corolla Altis 1.8 G 2014,400 triệu,2014,Sedan,Xe cũ,Trong nước,100.000 km,Hưng Yên,Khoái Châu,Số tự động,Máy xăng,VNĐ,ThángNăm,ThángNăm,"Trả góp đều hàng thángTrả góp đều, lãi tính trên dư nợ giảm dần hàng tháng",VNĐ
Kia Morning Si 1.25 MT 2017,200 triệu,2017,Hatchback,Xe cũ,Trong nước,10.000 km,Hưng Yên,Khoái Châu,Số sàn,Máy xăng,VNĐ,ThángNăm,ThángNăm,"Trả góp đều hàng thángTrả góp đều, lãi tính trên dư nợ giảm dần hàng tháng",VNĐ
Hyundai Grand i10 Sedan 1.2 MT 2016,175 triệu,2016,Sedan,Xe cũ,Nhập khẩu,175 km,Hưng Yên,Khoái Châu,Số sàn,Máy xăng,VNĐ,ThángNăm,ThángNăm,"Trả góp đều hàng thángTrả góp đều, lãi tính trên dư nợ giảm dần hàng tháng",VNĐ
Hyundai i30 CW 1.6 AT 2009,230 triệu,2009,Hatchback,Xe cũ,Nhập khẩu,86.000 km,Hưng Yên,Khoái Châu,Số tự động,Máy xăng,VNĐ,ThángNăm,ThángNăm,"Trả góp đều hàng thángTrả góp đều, lãi tính trên dư nợ giảm dần hàng tháng",VNĐ
Kia Morning EX 1.25 MT 2016,160 triệu,2016,Hatchback,Xe cũ,Trong nước,135.000 km,Hưng Yên,Khoái Châu,Số sàn,Máy xăng,VNĐ,ThángNăm,ThángNăm,"Trả góp đều hàng thángTrả góp đều, lãi tính trên dư nợ giảm dần hàng tháng",VNĐ
Kia Carens S 2.0 AT 2010,205 triệu,2010,MPV,Xe cũ,Trong nước,140.000 km,Hưng Yên,Khoái Châu,Số tự động,Máy xăng,VNĐ,ThángNăm,ThángNăm,"Trả góp đều hàng thángTrả góp đều, lãi tính trên dư nợ giảm dần hàng tháng",VNĐ
Hyundai Grand i10 Sedan 1.2 MT 2018,235 triệu,2018,Sedan,Xe cũ,Trong nước,130.000 km,Hưng Yên,Khoái Châu,Số sàn,Máy xăng,VNĐ,ThángNăm,ThángNăm,"Trả góp đều hàng thángTrả góp đều, lãi tính trên dư nợ giảm dần hàng tháng",VNĐ
Nissan Teana 2.0 AT 2011,270 triệu,2011,Sedan,Xe cũ,Nhập khẩu,120.000 km,Hưng Yên,Khoái Châu,Số tự động,Máy xăng,VNĐ,ThángNăm,ThángNăm,"Trả góp đều hàng thángTrả góp đều, lãi tính trên dư nợ giảm dần hàng tháng",VNĐ
Toyota Camry 2011,340 triệu,2011,Sedan,Xe cũ,Nhập khẩu,120.000 km,Hà Nội,Nam Từ Liêm,Số tự động,Máy xăng,VNĐ,ThángNăm,ThángNăm,"Trả góp đều hàng thángTrả góp đều, lãi tính trên dư nợ giảm dần hàng tháng",VNĐ
Hyundai Creta 1.5L Đặc biệt 2023,610 triệu,2023,,Xe cũ,Trong nước,38.000 km,Hà Nội,Nam Từ Liêm,Số tự động,Máy xăng,VNĐ,ThángNăm,ThángNăm,"Trả góp đều hàng thángTrả góp đều, lãi tính trên dư nợ giảm dần hàng tháng",VNĐ
Mazda CX-8 Premium 2021,810 triệu,2021,SUV,Xe cũ,Nhập khẩu,48.000 km,Tp.HCM,Bình Thạnh,Số tự động,Máy xăng,VNĐ,ThángNăm,ThángNăm,"Trả góp đều hàng thángTrả góp đều, lãi tính trên dư nợ giảm dần hàng tháng",VNĐ
Hyundai Accent 1.4 AT 2021,386 triệu,2021,Sedan,Xe cũ,Trong nước,60.000 km,Hà Nội,Hoàng Mai,Số tự động,Máy xăng,VNĐ,ThángNăm,ThángNăm,"Trả góp đều hàng thángTrả góp đều, lãi tính trên dư nợ giảm dần hàng tháng",VNĐ
BMW 330i M Sport 2024,1 tỉ 699 triệu,2024,,Xe cũ,Nhập khẩu,10.000 km,Hà Nội,Long Biên,Số tự động,Máy xăng,VNĐ,ThángNăm,ThángNăm,"Trả góp đều hàng thángTrả góp đều, lãi tính trên dư nợ giảm dần hàng tháng",VNĐ
Ford Ranger 2016,505 triệu,2016,Bán tải,Xe cũ,Trong nước,100.000 km,Hà Nội,Nam Từ Liêm,Số tự động,Máy dầu,VNĐ,ThángNăm,ThángNăm,"Trả góp đều hàng thángTrả góp đều, lãi tính trên dư nợ giảm dần hàng tháng",VNĐ
Kia Sedona 3.3 GAT 2016,515 triệu,2016,MPV,Xe cũ,Nhập khẩu,80.000 km,Hà Nội,Long Biên,Số tự động,Máy xăng,VNĐ,ThángNăm,ThángNăm,"Trả góp đều hàng thángTrả góp đều, lãi tính trên dư nợ giảm dần hàng tháng",VNĐ
Kia Cerato 1.6 AT Luxury 2020,470 triệu,2020,Sedan,Xe cũ,Trong nước,79.000 km,Hà Nội,Cầu Giấy,Số tự động,Máy xăng,VNĐ,ThángNăm,ThángNăm,"Trả góp đều hàng thángTrả góp đều, lãi tính trên dư nợ giảm dần hàng tháng",VNĐ
Mitsubishi Triton 4×4 AT MIVEC PREMIUM 2021,630 triệu,2021,Bán tải,Xe cũ,Nhập khẩu,80.000 km,Hà Nội,Nam Từ Liêm,Số tự động,Máy dầu,VNĐ,ThángNăm,ThángNăm,"Trả góp đều hàng thángTrả góp đều, lãi tính trên dư nợ giảm dần hàng tháng",VNĐ
Ford Ranger Wildtrak 3.2 4x4 AT 2016,520 triệu,2016,Bán tải,Xe cũ,Nhập khẩu,100.000 km,Hà Nội,Nam Từ Liêm,Số tự động,Máy dầu,VNĐ,ThángNăm,ThángNăm,"Trả góp đều hàng thángTrả góp đều, lãi tính trên dư nợ giảm dần hàng tháng",VNĐ
Honda City 1.5 L 2021,435 triệu,2021,Sedan,Xe cũ,Trong nước,65.000 km,Hà Nội,Thanh Xuân,Số tự động,Máy xăng,VNĐ,ThángNăm,ThángNăm,"Trả góp đều hàng thángTrả góp đều, lãi tính trên dư nợ giảm dần hàng tháng",VNĐ
Lexus RX 350 2019,2 tỉ 850 triệu,2019,SUV,Xe cũ,Nhập khẩu,43.000 km,Tp.HCM,Quận 7,Số tự động,Máy xăng,VNĐ,ThángNăm,ThángNăm,"Trả góp đều hàng thángTrả góp đều, lãi tính trên dư nợ giảm dần hàng tháng",VNĐ
Hyundai Tucson 2.0 Tiêu chuẩn 2020,630 triệu,2020,SUV,Xe cũ,Trong nước,46.000 km,Hà Nội,Cầu Giấy,Số tự động,Máy xăng,VNĐ,ThángNăm,ThángNăm,"Trả góp đều hàng thángTrả góp đều, lãi tính trên dư nợ giảm dần hàng tháng",VNĐ
Mercedes-Benz GLC 200 4Matic 2022,1 tỉ 679 triệu,2022,SUV,Xe cũ,Trong nước,28.888 km,Tp.HCM,Quận 7,Số tự động,Máy xăng,VNĐ,ThángNăm,ThángNăm,"Trả góp đều hàng thángTrả góp đều, lãi tính trên dư nợ giảm dần hàng tháng",VNĐ
BMW 320i Sport Line 2022,1 tỉ 238 triệu,2022,Sedan,Xe cũ,Nhập khẩu,10.000 km,Hà Nội,Long Biên,Số tự động,Máy xăng,VNĐ,ThángNăm,ThángNăm,"Trả góp đều hàng thángTrả góp đều, lãi tính trên dư nợ giảm dần hàng tháng",VNĐ
Ford Ranger Wildtrak 2.0L 4x4 AT 2019,530 triệu,2019,Bán tải,Xe cũ,Trong nước,87.000 km,Bình Phước,Đồng Phú,Số tự động,Máy dầu,VNĐ,ThángNăm,ThángNăm,"Trả góp đều hàng thángTrả góp đều, lãi tính trên dư nợ giảm dần hàng tháng",VNĐ
Ford Focus S 2.0AT 2014,285 triệu,2014,Sedan,Xe cũ,Trong nước,140.000 km,Hà Nội,Cầu Giấy,Số tự động,Máy xăng,VNĐ,ThángNăm,ThángNăm,"Trả góp đều hàng thángTrả góp đều, lãi tính trên dư nợ giảm dần hàng tháng",VNĐ
Honda City 1.5 G 2022,429 triệu,2022,Sedan,Xe cũ,Trong nước,1.600 km,Hà Nội,Hoàng Mai,Số tự động,Máy xăng,VNĐ,ThángNăm,ThángNăm,"Trả góp đều hàng thángTrả góp đều, lãi tính trên dư nợ giảm dần hàng tháng",VNĐ
Honda City 1.5 L 2021,430 triệu,2021,Sedan,Xe cũ,Trong nước,19.000 km,Tp.HCM,Bình Tân,Số tự động,Máy xăng,VNĐ,ThángNăm,ThángNăm,"Trả góp đều hàng thángTrả góp đều, lãi tính trên dư nợ giảm dần hàng tháng",VNĐ
Mercedes-Benz C200 Avantgarde Plus 2022,1 tỉ 398 triệu,2022,Sedan,Xe cũ,Trong nước,23.500 km,Tp.HCM,Quận 7,Số tự động,Máy xăng,VNĐ,ThángNăm,ThángNăm,"Trả góp đều hàng thángTrả góp đều, lãi tính trên dư nợ giảm dần hàng tháng",VNĐ
Lexus ES 250 F-Sport 2022,2 tỉ 299 triệu,2022,Sedan,Xe cũ,Nhập khẩu,29.000 km,Hà Nội,Đống Đa,Số tự động,Máy xăng,VNĐ,ThángNăm,ThángNăm,"Trả góp đều hàng thángTrả góp đều, lãi tính trên dư nợ giảm dần hàng tháng",VNĐ
Kia Cerato 1.6 MT 2018,295 triệu,2018,Sedan,Xe cũ,Trong nước,80.000 km,Hà Nội,Hoàng Mai,Số sàn,Máy xăng,VNĐ,ThángNăm,ThángNăm,"Trả góp đều hàng thángTrả góp đều, lãi tính trên dư nợ giảm dần hàng tháng",VNĐ
Mitsubishi Triton 4×2 AT MIVEC 2021,525 triệu,2021,Bán tải,Xe cũ,Nhập khẩu,78.000 km,Hà Nội,Hoàng Mai,Số tự động,Máy dầu,VNĐ,ThángNăm,ThángNăm,"Trả góp đều hàng thángTrả góp đều, lãi tính trên dư nợ giảm dần hàng tháng",VNĐ
Mercedes-Benz GLC 200 2019,999 triệu,2019,SUV,Xe cũ,Trong nước,60.000 km,Hà Nội,Ba Đình,Số tự động,Máy xăng,VNĐ,ThángNăm,ThángNăm,"Trả góp đều hàng thángTrả góp đều, lãi tính trên dư nợ giảm dần hàng tháng",VNĐ
Toyota Vios 1.5 G CVT 2022,445 triệu,2022,Sedan,Xe cũ,Trong nước,61.000 km,Hà Nội,Hoàng Mai,Số tự động,Máy xăng,VNĐ,ThángNăm,ThángNăm,"Trả góp đều hàng thángTrả góp đều, lãi tính trên dư nợ giảm dần hàng tháng",VNĐ
Kia Seltos 1.4T Premium 2023,655 triệu,2023,SUV,Xe cũ,Trong nước,14.000 km,Hà Nội,Hoàng Mai,Số tự động,Máy xăng,VNĐ,ThángNăm,ThángNăm,"Trả góp đều hàng thángTrả góp đều, lãi tính trên dư nợ giảm dần hàng tháng",VNĐ
Mercedes-Benz V250 Luxury 2019,1 tỉ 559 triệu,2019,MPV,Xe cũ,Nhập khẩu,42.000 km,Tp.HCM,Quận 7,Số tự động,Máy xăng,VNĐ,ThángNăm,ThángNăm,"Trả góp đều hàng thángTrả góp đều, lãi tính trên dư nợ giảm dần hàng tháng",VNĐ
Suzuki Swift GLX 1.2 CVT 2021,450 triệu,2021,Hatchback,Xe cũ,Nhập khẩu,11.000 km,Hà Nội,Hoàng Mai,Số tự động,Máy xăng,VNĐ,ThángNăm,ThángNăm,"Trả góp đều hàng thángTrả góp đều, lãi tính trên dư nợ giảm dần hàng tháng",VNĐ
BMW 330i M Sport 2023,1 tỉ 779 triệu,2023,Sedan,Xe cũ,Nhập khẩu,11.000 km,Tp.HCM,Quận 7,Số tự động,Máy xăng,VNĐ,ThángNăm,ThángNăm,"Trả góp đều hàng thángTrả góp đều, lãi tính trên dư nợ giảm dần hàng tháng",VNĐ
Mercedes-Benz E200 E200 2019,1 tỉ 199 triệu,2019,Sedan,Xe cũ,Trong nước,23.000 km,Tp.HCM,Quận 7,Số tự động,Máy xăng,VNĐ,ThángNăm,ThángNăm,"Trả góp đều hàng thángTrả góp đều, lãi tính trên dư nợ giảm dần hàng tháng",VNĐ
Mercedes-Benz G63 4.0 V8 2022,9 tỉ 979 triệu,2022,SUV,Xe cũ,Nhập khẩu,3.800 km,Tp.HCM,Quận 7,Số tự động,Máy xăng,VNĐ,ThángNăm,ThángNăm,"Trả góp đều hàng thángTrả góp đều, lãi tính trên dư nợ giảm dần hàng tháng",VNĐ
Toyota Vios 1.5 E CVT 2021,445 triệu,2021,Sedan,Xe cũ,Trong nước,44.500 km,Hà Nội,Hoàng Mai,Số tự động,Máy xăng,VNĐ,ThángNăm,ThángNăm,"Trả góp đều hàng thángTrả góp đều, lãi tính trên dư nợ giảm dần hàng tháng",VNĐ
Lexus RX 350 2024,3 tỉ 399 triệu,2024,,Xe cũ,Nhập khẩu,16.000 km,Tp.HCM,Quận 7,Số tự động,Máy xăng,VNĐ,ThángNăm,ThángNăm,"Trả góp đều hàng thángTrả góp đều, lãi tính trên dư nợ giảm dần hàng tháng",VNĐ
MG RX5 1.5 LUX 2023,599 triệu,2023,SUV,Xe cũ,Nhập khẩu,28.000 km,Tp.HCM,Bình Tân,Số tự động,Máy xăng,VNĐ,ThángNăm,ThángNăm,"Trả góp đều hàng thángTrả góp đều, lãi tính trên dư nợ giảm dần hàng tháng",VNĐ
Ford Territory Titanium X 2023,815 triệu,2023,SUV,Xe cũ,Nhập khẩu,24.000 km,Hà Nội,Hoàng Mai,Số tự động,Máy xăng,VNĐ,ThángNăm,ThángNăm,"Trả góp đều hàng thángTrả góp đều, lãi tính trên dư nợ giảm dần hàng tháng",VNĐ
MG HS 1.5T Lux 2024,599 triệu,2024,SUV,Xe cũ,Trong nước,19.000 km,Tp.HCM,Bình Tân,Số tự động,Máy xăng,VNĐ,ThángNăm,ThángNăm,"Trả góp đều hàng thángTrả góp đều, lãi tính trên dư nợ giảm dần hàng tháng",VNĐ
Mercedes-Benz GLC 300 4Matic V1 2022,1 tỉ 759 triệu,2022,SUV,Xe cũ,Trong nước,52.000 km,Tp.HCM,Quận 7,Số tự động,Máy xăng,VNĐ,ThángNăm,ThángNăm,"Trả góp đều hàng thángTrả góp đều, lãi tính trên dư nợ giảm dần hàng tháng",VNĐ
BMW X3 2024,2 tỉ 159 triệu,2024,SUV,Xe cũ,Nhập khẩu,800 km,Tp.HCM,Quận 7,Số tự động,Máy xăng,VNĐ,ThángNăm,ThángNăm,"Trả góp đều hàng thángTrả góp đều, lãi tính trên dư nợ giảm dần hàng tháng",VNĐ
Hyundai Tucson 2.0 Dầu Cao cấp 2023,835 triệu,2023,SUV,Xe cũ,Trong nước,28.000 km,Hà Nội,Hoàn Kiếm,Số tự động,Máy dầu,VNĐ,ThángNăm,ThángNăm,"Trả góp đều hàng thángTrả góp đều, lãi tính trên dư nợ giảm dần hàng tháng",VNĐ
Hyundai Creta 1.5L Đặc biệt 2024,625 triệu,2024,SUV,Xe cũ,Trong nước,10.000 km,Hà Nội,Hoàng Mai,Số tự động,Máy xăng,VNĐ,ThángNăm,ThángNăm,"Trả góp đều hàng thángTrả góp đều, lãi tính trên dư nợ giảm dần hàng tháng",VNĐ
Mitsubishi Pajero Sport D 4x2 AT 2022,899 triệu,2022,SUV,Xe cũ,Trong nước,60.000 km,Hà Nội,Cầu Giấy,Số tự động,Máy dầu,VNĐ,ThángNăm,ThángNăm,"Trả góp đều hàng thángTrả góp đều, lãi tính trên dư nợ giảm dần hàng tháng",VNĐ
Mercedes-Benz GLC 200 V1 2022,1 tỉ 438 triệu,2022,SUV,Xe cũ,Trong nước,39.000 km,Tp.HCM,Bình Tân,Số tự động,Máy xăng,VNĐ,ThángNăm,ThángNăm,"Trả góp đều hàng thángTrả góp đều, lãi tính trên dư nợ giảm dần hàng tháng",VNĐ
Chevrolet Spark 1.2 mt 2018,144 triệu,2018,Hatchback,Xe cũ,Trong nước,150.000 km,Hà Nội,Thanh Xuân,Số sàn,Máy xăng,VNĐ,ThángNăm,ThángNăm,"Trả góp đều hàng thángTrả góp đều, lãi tính trên dư nợ giảm dần hàng tháng",VNĐ
Kia Seltos 1.5L PREMIUM 2024,748 triệu,2024,SUV,Xe cũ,Trong nước,4.500 km,Hà Nội,Cầu Giấy,Số tự động,Máy xăng,VNĐ,ThángNăm,ThángNăm,"Trả góp đều hàng thángTrả góp đều, lãi tính trên dư nợ giảm dần hàng tháng",VNĐ
Hyundai Accent 1.4 AT Đặc biệt 2018,365 triệu,2018,Sedan,Xe cũ,Trong nước,80.000 km,Hải Phòng,An Lão,Số tự động,Máy xăng,VNĐ,ThángNăm,ThángNăm,"Trả góp đều hàng thángTrả góp đều, lãi tính trên dư nợ giảm dần hàng tháng",VNĐ
Kia Cerato 1.6 MT 2017,325 triệu,2017,,Xe cũ,Trong nước,83.901 km,Hải Phòng,An Lão,Số sàn,Máy xăng,VNĐ,ThángNăm,ThángNăm,"Trả góp đều hàng thángTrả góp đều, lãi tính trên dư nợ giảm dần hàng tháng",VNĐ
Hyundai Accent 1.4 AT 2012,248 triệu,2012,,Xe cũ,Nhập khẩu,120.000 km,Hải Phòng,An Lão,Số tự động,Máy xăng,VNĐ,ThángNăm,ThángNăm,"Trả góp đều hàng thángTrả góp đều, lãi tính trên dư nợ giảm dần hàng tháng",VNĐ
Lexus RX 350 Luxury 2024,4 tỉ 290 triệu,2024,SUV,Xe cũ,Nhập khẩu,3.900 km,Tp.HCM,Gò Vấp,Số tự động,Máy xăng,VNĐ,ThángNăm,ThángNăm,"Trả góp đều hàng thángTrả góp đều, lãi tính trên dư nợ giảm dần hàng tháng",VNĐ
Hyundai Santa Fe 2.4L Xăng Tiêu chuẩn 2020,790 triệu,2020,SUV,Xe cũ,Trong nước,37.000 km,Hà Nội,Cầu Giấy,Số tự động,Máy xăng,VNĐ,ThángNăm,ThángNăm,"Trả góp đều hàng thángTrả góp đều, lãi tính trên dư nợ giảm dần hàng tháng",VNĐ
Volvo XC90 2022,3 tỉ 350 triệu,2022,SUV,Xe cũ,Nhập khẩu,19.000 km,Tp.HCM,Gò Vấp,Số tự động,Hybrid,VNĐ,ThángNăm,ThángNăm,"Trả góp đều hàng thángTrả góp đều, lãi tính trên dư nợ giảm dần hàng tháng",VNĐ
Kia Seltos 1.6 Premium 2021,555 triệu,2021,Van/Minivan,Xe cũ,Trong nước,39.000 km,Tp.HCM,Quận 10,Số tự động,Máy xăng,VNĐ,ThángNăm,ThángNăm,"Trả góp đều hàng thángTrả góp đều, lãi tính trên dư nợ giảm dần hàng tháng",VNĐ
Toyota Previa 2010,650 triệu,2010,Van/Minivan,Xe cũ,Nhập khẩu,50.000 km,Tp.HCM,Quận 10,Số tự động,Máy xăng,VNĐ,ThángNăm,ThángNăm,"Trả góp đều hàng thángTrả góp đều, lãi tính trên dư nợ giảm dần hàng tháng",VNĐ
Toyota Sienna Limited 3.5 AT AWD 2016,1 tỉ 850 triệu,2016,MPV,Xe cũ,Nhập khẩu,76.000 km,Tp.HCM,Quận 10,Số tự động,Máy xăng,VNĐ,ThángNăm,ThángNăm,"Trả góp đều hàng thángTrả góp đều, lãi tính trên dư nợ giảm dần hàng tháng",VNĐ
Mercedes-Benz Maybach S450 4Matic 2018,3 tỉ 300 triệu,2018,Sedan,Xe cũ,Nhập khẩu,36.000 km,Tp.HCM,Gò Vấp,Số tự động,Máy xăng,VNĐ,ThángNăm,ThángNăm,"Trả góp đều hàng thángTrả góp đều, lãi tính trên dư nợ giảm dần hàng tháng",VNĐ
Porsche Macan 2.0 2017,1 tỉ 650 triệu,2017,SUV,Xe cũ,Nhập khẩu,38.000 km,Tp.HCM,Quận 10,Số tự động,Máy xăng,VNĐ,ThángNăm,ThángNăm,"Trả góp đều hàng thángTrả góp đều, lãi tính trên dư nợ giảm dần hàng tháng",VNĐ
Ford Ranger Wildtrak 3.2 4x4 AT 2017,605 triệu,2017,Bán tải,Xe cũ,Nhập khẩu,90.000 km,Tp.HCM,Tân Phú,Số tự động,Máy dầu,VNĐ,ThángNăm,ThángNăm,"Trả góp đều hàng thángTrả góp đều, lãi tính trên dư nợ giảm dần hàng tháng",VNĐ
Hyundai Santa Fe 2.5 Xăng Cao cấp 2024,1 tỉ 190 triệu,2024,SUV,Xe cũ,Trong nước,13.000 km,Hà Nội,Long Biên,Số tự động,Máy xăng,VNĐ,ThángNăm,ThángNăm,"Trả góp đều hàng thángTrả góp đều, lãi tính trên dư nợ giảm dần hàng tháng",VNĐ
Lexus IS 250C 2011,1 tỉ 120 triệu,2011,Convertible,Xe cũ,Nhập khẩu,29.000 km,Tp.HCM,Quận 10,Số tự động,Máy xăng,VNĐ,ThángNăm,ThángNăm,"Trả góp đều hàng thángTrả góp đều, lãi tính trên dư nợ giảm dần hàng tháng",VNĐ
Porsche Cayenne Platinum Edition 2023,4 tỉ 795 triệu,2023,SUV,Xe cũ,Nhập khẩu,11.000 km,Tp.HCM,Quận 10,Số tự động,Máy xăng,VNĐ,ThángNăm,ThángNăm,"Trả góp đều hàng thángTrả góp đều, lãi tính trên dư nợ giảm dần hàng tháng",VNĐ
Mercedes-Benz Maybach S450 4Matic 2023,7 tỉ 200 triệu,2023,Sedan,Xe cũ,Nhập khẩu,3.900 km,Tp.HCM,Gò Vấp,Số tự động,Máy xăng,VNĐ,ThángNăm,ThángNăm,"Trả góp đều hàng thángTrả góp đều, lãi tính trên dư nợ giảm dần hàng tháng",VNĐ
Mercedes-Benz S450L 2019,2 tỉ 100 triệu,2019,Sedan,Xe cũ,Nhập khẩu,28.000 km,Tp.HCM,Gò Vấp,Số tự động,Máy xăng,VNĐ,ThángNăm,ThángNăm,"Trả góp đều hàng thángTrả góp đều, lãi tính trên dư nợ giảm dần hàng tháng",VNĐ
Lexus ES 250 2021,2 tỉ 050 triệu,2021,Sedan,Xe cũ,Nhập khẩu,29.000 km,Tp.HCM,Gò Vấp,Số tự động,Máy xăng,VNĐ,ThángNăm,ThángNăm,"Trả góp đều hàng thángTrả góp đều, lãi tính trên dư nợ giảm dần hàng tháng",VNĐ
Ford EcoSport Titanium 1.0L AT 2016,325 triệu,2016,,Xe cũ,Trong nước,40.000 km,Tp.HCM,Hóc Môn,Số tự động,Máy xăng,VNĐ,ThángNăm,ThángNăm,"Trả góp đều hàng thángTrả góp đều, lãi tính trên dư nợ giảm dần hàng tháng",VNĐ
Mercedes-Benz C200 Exclusive 2019,885 triệu,2019,Sedan,Xe cũ,Trong nước,65.000 km,Tp.HCM,Hóc Môn,Số tự động,Máy xăng,VNĐ,ThángNăm,ThángNăm,"Trả góp đều hàng thángTrả góp đều, lãi tính trên dư nợ giảm dần hàng tháng",VNĐ
Toyota Camry 2.5Q 2019,785 triệu,2019,Sedan,Xe cũ,Trong nước,65.000 km,Tp.HCM,Hóc Môn,Số tự động,Máy xăng,VNĐ,ThángNăm,ThángNăm,"Trả góp đều hàng thángTrả góp đều, lãi tính trên dư nợ giảm dần hàng tháng",VNĐ
Mercedes-Benz GLC 300 4Matic 2023,2 tỉ 478 triệu,2023,SUV,Xe cũ,Trong nước,12.751 km,Tp.HCM,Bình Tân,Số tự động,Máy xăng,VNĐ,ThángNăm,ThángNăm,"Trả góp đều hàng thángTrả góp đều, lãi tính trên dư nợ giảm dần hàng tháng",VNĐ
Mercedes-Benz C200 2.0 AT 2016,638 triệu,2016,Sedan,Xe cũ,Trong nước,106.000 km,Tp.HCM,Bình Tân,Số tự động,Máy xăng,VNĐ,ThángNăm,ThángNăm,"Trả góp đều hàng thángTrả góp đều, lãi tính trên dư nợ giảm dần hàng tháng",VNĐ
Kia Carnival 2.2D Luxury 2022,1 tỉ 015 triệu,2022,MPV,Xe cũ,Trong nước,11.000 km,Hà Nội,Cầu Giấy,Số tự động,Máy dầu,VNĐ,ThángNăm,ThángNăm,"Trả góp đều hàng thángTrả góp đều, lãi tính trên dư nợ giảm dần hàng tháng",VNĐ
Lexus GX 460 2015,2 tỉ 390 triệu,2015,SUV,Xe cũ,Nhập khẩu,82.000 km,Hà Nội,Ba Đình,Số tự động,Máy xăng,VNĐ,ThángNăm,ThángNăm,"Trả góp đều hàng thángTrả góp đều, lãi tính trên dư nợ giảm dần hàng tháng",VNĐ
Ford Fiesta 1.6 AT 2012,285 triệu,2012,Hatchback,Xe cũ,Nhập khẩu,37.000 km,Tp.HCM,Tân Phú,Số tự động,Máy xăng,VNĐ,ThángNăm,ThángNăm,"Trả góp đều hàng thángTrả góp đều, lãi tính trên dư nợ giảm dần hàng tháng",VNĐ
Mercedes-Benz S450 4Matic Luxury 2017,1 tỉ 950 triệu,2017,Sedan,Xe cũ,Nhập khẩu,60.000 km,Hà Nội,Hoàng Mai,Số tự động,Máy xăng,VNĐ,ThángNăm,ThángNăm,"Trả góp đều hàng thángTrả góp đều, lãi tính trên dư nợ giảm dần hàng tháng",VNĐ
Ford Ranger Wildtrak 2.0L 4x4 AT 2019,599 triệu,2019,Bán tải,Xe cũ,Nhập khẩu,110.000 km,Hà Nội,Hoàng Mai,Số tự động,Máy dầu,VNĐ,ThángNăm,ThángNăm,"Trả góp đều hàng thángTrả góp đều, lãi tính trên dư nợ giảm dần hàng tháng",VNĐ
Honda CR-V 1.5 L 2019,750 triệu,2019,SUV,Xe cũ,Nhập khẩu,89.000 km,Hà Nội,Hoàng Mai,Số tự động,Máy xăng,VNĐ,ThángNăm,ThángNăm,"Trả góp đều hàng thángTrả góp đều, lãi tính trên dư nợ giảm dần hàng tháng",VNĐ
Honda CR-V 1.5 G 2020,775 triệu,2020,SUV,Xe cũ,Trong nước,65.000 km,Hà Nội,Hoàng Mai,Số tự động,Máy xăng,VNĐ,ThángNăm,ThángNăm,"Trả góp đều hàng thángTrả góp đều, lãi tính trên dư nợ giảm dần hàng tháng",VNĐ
Mercedes-Benz S450L 4Matic 2018,1 tỉ 890 triệu,2018,Sedan,Xe cũ,Trong nước,98.000 km,Hà Nội,Hoàng Mai,Số tự động,Máy xăng,VNĐ,ThángNăm,ThángNăm,"Trả góp đều hàng thángTrả góp đều, lãi tính trên dư nợ giảm dần hàng tháng",VNĐ
Lexus RX 450h 2021,4 tỉ 150 triệu,2021,SUV,Xe cũ,Nhập khẩu,37.000 km,Hà Nội,Hoàng Mai,Số tự động,Hybrid,VNĐ,ThángNăm,ThángNăm,"Trả góp đều hàng thángTrả góp đều, lãi tính trên dư nợ giảm dần hàng tháng",VNĐ
Volkswagen Teramont X 2022,1 tỉ 738 triệu,2022,,Xe cũ,Nhập khẩu,10.000 km,Tp.HCM,Quận 7,Số tự động,Máy xăng,VNĐ,ThángNăm,ThángNăm,"Trả góp đều hàng thángTrả góp đều, lãi tính trên dư nợ giảm dần hàng tháng",VNĐ
Mercedes-Benz AMG G63 2022,10 tỉ 500 triệu,2022,,Xe cũ,Nhập khẩu,399 km,Tp.HCM,Quận 7,Số tự động,Máy xăng,VNĐ,ThángNăm,ThángNăm,"Trả góp đều hàng thángTrả góp đều, lãi tính trên dư nợ giảm dần hàng tháng",VNĐ
Mercedes-Benz GLC 300 4Matic V1 2022,1 tỉ 758 triệu,2022,,Xe cũ,Trong nước,52.000 km,Tp.HCM,Quận 7,Số tự động,Máy xăng,VNĐ,ThángNăm,ThángNăm,"Trả góp đều hàng thángTrả góp đều, lãi tính trên dư nợ giảm dần hàng tháng",VNĐ
Ford Everest 2.0L ST5 10AT 4x4 Titanium 2022,1 tỉ 330 triệu,2022,SUV,Xe cũ,Nhập khẩu,29.000 km,Tp.HCM,Tân Phú,Số tự động,Máy dầu,VNĐ,ThángNăm,ThángNăm,"Trả góp đều hàng thángTrả góp đều, lãi tính trên dư nợ giảm dần hàng tháng",VNĐ
